APOGEE_ID,APOKASC2_AGE,APOKASC2_AGE_MERR,APOKASC2_AGE_PERR,DR16_ALP_M_COR,DR16_ALP_M_COR_ERR,DR16_FE_H,DR16_FE_H_ERR,DR16_M_H_COR,DR16_M_H_COR_ERR,DR16_O_FE,DR16_O_FE_ERR,ASTRONN_AGE,ASTRONN_AGE_ERR,TEFF,ASTRONN_TEFF_ERR,ASTRONN_LOGG,ASTRONN_LOGG_ERR,ASTRONN_C_H,ASTRONN_C_H_ERR,ASTRONN_N_H,ASTRONN_N_H_ERR,ASTRONN_O_H,ASTRONN_O_H_ERR,ASTRONN_TI_H,ASTRONN_TI_H_ERR,ASTRONN_FE_H,ASTRONN_FE_H_ERR,STARHORSE_M_H,STARHORSE_M_H_MERR,STARHORSE_M_H_PERR,ASTRONN_C_N,ASTRONN_C_N_ERR,ASTRONN_O_FE,ASTRONN_O_FE_ERR,AGE_DIFF
2M19154977+4655262,17.538805,3.5429318,0.04043112,0.154929,0.0068016886,-0.19721155,0.008454729,-0.17792155,0.007163395,0.18453501,0.008004952,7.98404924111855,2.238968063014473,4097.7935,20.81163,1.4394042,0.055115778,-0.11924592,0.032578133,-0.002213745,0.023275731,-0.0015072264,0.035181977,-0.061018925,0.042673957,-0.19657502,0.025629302,-0.104270495,0.009158164,0.008937515,-0.11703217,0.04003866,0.1950678,0.043527376,-9.55475576681602
2M18530223+4707524,13.4276495,5.911421,3.7119234,0.0025789998,0.0049376916,0.34753844,0.006890954,0.35875845,0.00571418,0.021612018,0.005139455,8.352420590515141,3.398235155753309,3930.2253,40.6998,1.5885202,0.08018532,0.3579863,0.0528581,0.49805596,0.045437902,0.35416153,0.042917542,0.6635937,0.1532393,0.31019846,0.051609028,0.3252578,0.0,0.0,-0.14006966,0.06970353,0.043963075,0.06712233,-5.075228907470699
2M19101090+4713136,16.634127,6.6800723,1.2307492,0.017218001,0.006931717,0.13727845,0.008330929,0.15271845,0.007403032,0.020190999,0.011836483,6.056171907454322,1.3642613459104538,4510.742,26.171402,2.252845,0.053237952,0.15719733,0.0354902,0.3372482,0.03634287,0.17068405,0.03562051,0.19650462,0.04650413,0.1349641,0.027191862,0.14465082,0.019719467,0.0015106648,-0.18005088,0.05079723,0.03571996,0.044813145,-10.577954755753685
2M19262893+4716510,16.74943,5.784647,0.8703317,0.138949,0.0071392693,-0.24091154,0.007699275,-0.21841155,0.0068162046,0.201755,0.012126003,7.2910286832299285,1.7047321313347372,4640.6797,22.118444,2.2610223,0.05029218,-0.1103673,0.021448754,-0.08494772,0.018440127,-0.005467493,0.021566797,-0.13365977,0.03853724,-0.23848827,0.020281034,-0.11109061,0.02035261,0.0007510334,-0.025419578,0.028285814,0.23302078,0.029604848,-9.45840101952886
2M19102804+4735234,13.489629,1.3836474,1.7860317,0.0001609996,0.006022162,0.12618846,0.006643285,0.14088845,0.005917928,-0.048287004,0.011738559,6.190953354924332,1.5983129284934123,4765.887,27.1703,2.4950461,0.047488853,0.127682,0.03590485,0.17874005,0.018583953,0.12128679,0.022215452,0.09288938,0.025953412,0.087519266,0.019024327,0.10630944,0.0022877231,0.017193556,-0.051058054,0.040429216,0.03376752,0.0292481,-7.29867543688475
2M19463083+4730335,14.927944,4.286514,2.5705228,-0.0046200007,0.007580722,0.02197845,0.008763389,0.01855745,0.007856058,0.041181,0.014112767,5.923979809907302,1.1244033463472458,4582.097,28.772827,2.219428,0.061666317,-0.10619088,0.022584185,0.15138957,0.022131033,-0.036732517,0.021411724,-0.035963915,0.035292603,-0.061437063,0.02050548,-0.01686206,0.010121796,0.0008819867,-0.25758046,0.03162006,0.024704546,0.029646866,-9.003964373442308
2M19473219+4733062,12.912192,4.950599,4.993866,0.0060819983,0.0054965126,0.14072846,0.006589795,0.16026846,0.005685528,0.037444994,0.007509422,6.16424453629016,1.9276695120033436,4311.368,20.041115,1.9546875,0.04782904,0.10382348,0.028598761,0.3226271,0.031028513,0.15299734,0.025980053,0.1768747,0.04482258,0.106825,0.024713514,0.14402178,0.03786785,0.0014510453,-0.21880361,0.042197842,0.046172343,0.03585695,-6.7479478083753675
2M18501021+4738449,14.621772,5.267715,2.7162683,-0.005841,0.005804417,0.05308745,0.0069226036,0.070932455,0.005969567,0.019110002,0.007857186,6.127159025584673,2.1356334961357097,4310.9595,22.008192,1.9172451,0.050610296,0.052236557,0.028654,0.2539011,0.028601576,0.06316101,0.022766044,0.07886519,0.029968869,0.029099504,0.019376846,0.045854308,0.0023128204,0.018072762,-0.20166454,0.04048582,0.034061506,0.029895734,-8.494612786854292
2M19115168+4741384,16.368166,5.775628,1.4967105,0.067629,0.0055888635,0.13306846,0.006357556,0.17095844,0.005585869,0.08599998,0.009072257,8.003916291943646,1.4776624596153958,4557.5156,27.553598,2.5769498,0.07978706,0.24939993,0.045297295,0.24756128,0.028963238,0.24499379,0.031221367,0.24735743,0.036949143,0.13956873,0.027326278,0.25057772,0.018726438,0.0014125109,0.0018386543,0.05376536,0.10542506,0.041490953,-8.364249677904986
2M19570191+4741231,13.551894,4.368568,3.9465728,0.014791001,0.0062716766,-0.06837055,0.007912729,-0.047160547,0.00669393,0.038447,0.00733773,5.84836063808729,2.76460269164793,4101.2607,20.770588,1.5523294,0.052988283,-0.08436833,0.022558466,0.11861364,0.025126247,-0.010370944,0.028687915,0.016297424,0.051653832,-0.066232525,0.0237487,-0.033293873,0.0185121,0.0069069024,-0.20298198,0.033767033,0.05586158,0.037242413,-7.703533549839956
2M18451110+4745324,13.803843,2.2958388,2.602055,0.016975,0.0058993357,0.022868453,0.0071280133,0.04331145,0.0061183916,0.045972995,0.007689457,7.332899226674579,1.947719566567896,4247.3403,17.56668,1.9156779,0.05215798,0.009409085,0.021235704,0.1680489,0.018330542,0.067314714,0.022268659,0.0872512,0.047634706,0.00240449,0.019553233,0.04121514,0.00046910346,0.00038191676,-0.15863982,0.028052878,0.064910226,0.029634811,-6.470943317881085
2M19203434+4817042,15.346169,6.854365,2.2330663,0.164609,0.009220104,-0.27422154,0.0105533395,-0.25040156,0.009475049,0.20431499,0.016730612,8.195019000922795,1.2794149193676696,4563.3984,24.630838,2.1190407,0.05561208,-0.16619606,0.022438752,-0.08785136,0.017483588,-0.025429819,0.021051968,-0.16714238,0.03951711,-0.28582257,0.02187356,-0.13394673,0.020420521,0.002288863,-0.0783447,0.028445974,0.26039276,0.030358491,-7.151150470817928
2M19252279+4816429,12.971793,2.620371,3.0237875,0.021827001,0.005649194,0.18203846,0.0063396776,0.18606845,0.005605307,0.021460995,0.009905203,6.423375517756972,1.7601971379111563,4629.526,28.086483,2.3701215,0.053343102,0.20358527,0.037238862,0.3739292,0.036595423,0.17049746,0.025240138,0.1796765,0.030497149,0.1581576,0.025137644,0.14394794,0.0006842166,0.02358903,-0.17034394,0.052210707,0.01233986,0.035622545,-6.548417656986681
2M19342546+4812080,15.2756605,7.015281,1.9827183,,,,,,,,,7.742689607600954,1.815864353285327,4523.254,25.03267,1.89237,0.06263408,-0.50938183,0.026405672,-0.36036843,0.028760739,-0.21866664,0.027658686,-0.41622776,0.04266211,-0.5278852,0.023427688,-0.34993473,0.0067940056,0.0057697296,-0.1490134,0.03904407,0.30921856,0.0362472,-7.532970907230589
2M18454999+4821281,17.538805,4.5371094,0.5329362,0.24304901,0.014833228,-0.68421155,0.016034482,-0.6582115,0.014907851,0.48082504,0.038095433,7.759424091744604,3.0658488405682656,4952.1646,54.10161,2.3465257,0.094088234,-0.60815525,0.051603433,-0.5450172,0.057808943,-0.2533756,0.066405624,-0.5590684,0.10644931,-0.6782814,0.048630156,-0.4748453,0.019368708,0.018543065,-0.06313807,0.07749057,0.42490584,0.08230795,-9.779380916189966
2M19283472+4818255,16.86553,5.541527,8.253334,0.205079,0.008050869,-0.46559155,0.009136952,-0.45975155,0.007901064,0.228805,0.010842197,8.60633425817036,2.179857421669827,4297.0537,21.84218,1.6311711,0.0633273,-0.41628435,0.016731754,-0.27287868,0.022208204,-0.21642028,0.023776744,-0.35959065,0.035657745,-0.5022394,0.02288118,-0.31051576,0.015074819,0.0059868097,-0.14340568,0.027805682,0.2858191,0.03299821,-8.259195755867726
2M19541956+4827058,14.521116,5.3166203,2.6975696,0.238099,0.008310385,-0.5089716,0.0089723235,-0.50091153,0.007873117,0.27447504,0.012603752,7.945769491121914,2.267778391800379,4466.936,20.722418,1.7550836,0.05698213,-0.4982447,0.023058712,-0.35698906,0.027081653,-0.26996574,0.027854444,-0.44505098,0.041529022,-0.5711087,0.025374325,-0.31267187,0.009569168,0.0044999123,-0.14125565,0.035568528,0.30114296,0.03767926,-6.575346765591953
2M19330781+4835392,12.764388,3.0144918,4.101142,0.06003,0.007990164,-0.37170154,0.008327255,-0.35412154,0.0074453256,0.059433997,0.0151419155,5.482144348937311,0.8855168625588925,4766.1963,30.395267,2.280904,0.06655043,-0.3936302,0.024662115,-0.16402572,0.025059909,-0.28330657,0.039553743,-0.34980828,0.040575247,-0.38304323,0.025189,-0.30900326,0.004025221,0.0032673478,-0.22960448,0.035159905,0.09973666,0.04689333,-7.28224373547431
2M19015877+4838074,11.402498,4.780333,6.095969,0.029041998,0.0062303017,-0.051542547,0.007123552,-0.03394855,0.0062098573,0.051848996,0.009194561,5.263365452799936,1.5840740612501132,4414.7036,18.147745,1.9759582,0.046702065,-0.13445057,0.01694203,0.13568905,0.022527719,0.0014829533,0.022556458,-0.05068673,0.03313935,-0.0782722,0.017450009,-0.039806575,0.0023330785,0.0038546696,-0.27013963,0.028187416,0.07975516,0.028518355,-6.139132792439322
2M19102862+4837583,14.6554785,5.6189837,2.8429885,0.020829,0.0061536776,-0.03481655,0.0077042216,-0.01946255,0.0065356046,0.056187995,0.007343964,4.99834789625947,2.7765857641348495,4125.9546,19.147762,1.5788176,0.05366328,-0.07237847,0.021702671,0.18926674,0.033630613,-0.0069089634,0.02411016,-0.005108231,0.036337644,-0.060911067,0.023918325,-0.016451687,0.00026262552,0.00026182085,-0.2616452,0.040025294,0.054002102,0.03396154,-9.657130581218556
2M19430627+4843443,8.87156,1.6438621,2.1692262,0.044796996,0.008653234,-0.36698154,0.008983047,-0.34568155,0.008106804,0.050154984,0.019855337,2.9909825258957503,1.228466872822965,4985.6733,41.443752,2.5048056,0.0743294,-0.3557933,0.02784616,-0.2762664,0.04784051,-0.33518687,0.05887313,-0.37136498,0.054281715,-0.36893234,0.030672712,-0.31195968,0.017459571,0.0016236007,-0.0795269,0.05535452,0.033745468,0.06638419,-5.880577570844972
2M19305271+4851071,11.428783,2.9369786,4.2748446,0.010453001,0.005781738,0.05720445,0.006990655,0.07598245,0.0060037514,0.034769002,0.0075799087,4.520874570036948,2.2735707928730986,4253.7554,18.229376,1.8599567,0.04751849,0.0019653887,0.019416975,0.27791074,0.03566518,0.07171078,0.024043918,0.084600285,0.043526694,0.016379038,0.018463138,0.044730604,0.00039916486,0.00039981678,-0.27594537,0.04060818,0.055331744,0.03031497,-6.9079088467110985
2M19394853+4850333,17.33804,6.2972536,0.2817205,0.170949,0.009727548,-0.27112156,0.011060923,-0.24501155,0.010022527,0.22898501,0.019282935,8.024532401293849,1.363498388482155,4689.616,29.34038,2.319133,0.054115962,-0.17224362,0.019358192,-0.0873655,0.019200234,-0.0060833124,0.028607817,-0.12729818,0.041094337,-0.26334023,0.020665351,-0.11181312,0.020751722,0.001635842,-0.084878124,0.027265152,0.25725693,0.03529113,-9.31350699689951
2M19231959+4856260,10.568175,1.4690424,1.7628733,0.052102,0.008607058,-0.36537156,0.008948763,-0.33497155,0.008075079,0.030914992,0.019780211,5.269258068177988,1.760443212465206,4968.065,39.725273,2.4929013,0.070754394,-0.31966648,0.024647579,-0.25853032,0.036803227,-0.24047075,0.052634582,-0.374379,0.04707939,-0.36495882,0.029433371,-0.292367,0.017150491,0.0014952123,-0.061136156,0.04429425,0.12448807,0.060305245,-5.298917247678945
2M19332527+4905240,14.554591,2.5319464,1.1129199,0.046674997,0.0052399146,0.28336844,0.005999216,0.29076844,0.0052798586,0.05842802,0.008782502,6.592691919392678,1.974546481780034,4563.242,25.58989,2.3406782,0.05489781,0.35441586,0.056995258,0.33800972,0.030697994,0.27641755,0.03315433,0.27652645,0.044275172,0.22003065,0.031210367,0.26985088,0.0007497668,0.017509848,0.016406149,0.06473659,0.056386903,0.045533467,-7.961899259501365
2M19320640+4906272,15.417005,5.599525,2.2433736,0.14548899,0.008184982,-0.35540155,0.0086778775,-0.34049156,0.00775999,0.23886499,0.015187029,7.6373213027296485,1.3094043969368863,4713.8853,30.527414,2.254167,0.063555874,-0.3103901,0.020419383,-0.23646088,0.023694111,-0.12724398,0.02674676,-0.2766613,0.037429385,-0.39259863,0.02389598,-0.2388447,0.01632461,0.0010483563,-0.073929235,0.03127878,0.26535463,0.035866518,-7.779683282536465
2M19463360+4911458,17.498466,4.9670553,0.080769256,0.161339,0.0077213966,-0.25016156,0.00843045,-0.23110154,0.007505402,0.22225502,0.013599012,7.626140936274291,1.3005105405762694,4650.186,26.047522,2.3002622,0.05793624,-0.1433646,0.021325607,-0.10627826,0.017848333,0.009138589,0.024162354,-0.106665194,0.031823512,-0.25568417,0.021275753,-0.11088382,0.0009189248,0.0006246418,-0.03708633,0.027809072,0.26482275,0.032194365,-9.872325555424927
2M19083508+4915392,16.218102,7.448093,1.5646931,0.170459,0.0068028206,-0.20204155,0.007969596,-0.18719155,0.006868558,0.19852501,0.009046662,7.008315116138591,2.241386681286081,4278.449,21.704105,1.7108608,0.057062738,-0.1178175,0.028751407,-0.04014231,0.028274514,0.0036371993,0.0333747,-0.10983431,0.034727883,-0.24011785,0.022712,-0.06632692,0.00477729,0.0077555366,-0.07767519,0.040324826,0.24375504,0.04036961,-9.209786385326254
2M19384199+4912464,13.899527,2.014504,1.8041017,0.039672002,0.008328979,0.07499645,0.009813748,0.08246945,0.0089128595,0.058363996,0.017522432,7.019456894272528,1.354074264399464,4660.7466,23.774445,2.3646288,0.043552693,0.12831771,0.032838695,0.17807376,0.022273986,0.11546468,0.017428814,0.076070964,0.027941545,0.059979297,0.018705202,0.08359471,0.020266518,0.0009846836,-0.04975605,0.0396801,0.055485383,0.025566544,-6.880069701796808
2M19405091+4915171,11.694994,5.0422626,6.0878,0.008759998,0.005560914,0.28147846,0.006796884,0.29332846,0.00592251,0.033391,0.008208496,6.64388720884103,1.9349740026438875,4356.3887,32.67229,2.133634,0.073774844,0.2618747,0.04273452,0.49435338,0.047303498,0.2818849,0.03759822,0.33434543,0.063022815,0.21770315,0.034388103,0.30525896,0.0008933842,0.01910898,-0.23247868,0.06374841,0.06418176,0.050952602,-5.05110676393729
2M19163562+4923122,14.825181,1.4592257,0.84232986,-0.004579,0.006744395,0.029995453,0.007354011,0.04853345,0.0065947743,-0.034762003,0.014906117,3.4941213415491648,1.4154759595255308,4945.319,40.60328,2.6378305,0.07015843,0.0012442619,0.028754285,0.15770677,0.026525488,-0.020863522,0.031403676,-0.036647044,0.03349731,0.0005753725,0.02667198,0.022432467,0.011176511,0.0022139493,-0.1564625,0.039120458,-0.021438895,0.041201763,-11.33105966583609
2M19044946+4929242,13.931568,4.705854,3.6881924,0.104339,0.007445943,-0.28525156,0.007956827,-0.22577155,0.0070932154,0.14741501,0.013643797,6.90523865192284,1.2757786116704906,4729.9473,27.509802,2.6350288,0.07875531,-0.03833407,0.03455487,-0.20972563,0.047944423,0.015617502,0.039949153,-0.04793295,0.06835919,-0.21818449,0.024516845,-0.14045013,0.00074255466,0.0013526678,0.17139156,0.059099127,0.23380199,0.046872277,-7.026329493829113
2M19322887+4928357,14.354895,2.551688,2.8637915,0.06379,0.007042007,-0.18918155,0.0075643826,-0.17617154,0.006718957,0.10334501,0.012508096,6.269671408101279,0.9101166691475716,4693.532,24.75096,2.3277104,0.051547963,-0.15094373,0.02167216,0.064390086,0.02109293,-0.03584184,0.034011856,-0.09965929,0.04197331,-0.16124642,0.02240651,-0.0527395,0.017901294,0.0004629679,-0.21533382,0.03024226,0.12540458,0.04072908,-8.085223229960246
2M19411240+4936344,9.268298,1.2883514,1.6461052,0.005888,0.00542661,0.29356846,0.006119564,0.32333845,0.0054423185,0.061039984,0.0106639955,2.237087083505603,3.3399660431644556,4727.251,118.423904,2.2259583,0.21187162,0.57724416,0.13827202,1.3821982,0.3604601,0.20926757,0.071004935,0.15454173,0.11140712,0.2685012,0.09603864,0.25117254,0.000821501,0.01847586,-0.80495405,0.38607076,-0.05923362,0.11943668,-7.031211065603284
2M19412968+4938155,17.660378,5.414216,0.32833093,-0.025327701,0.005087464,0.27773845,0.006727205,0.29260844,0.0056551397,-0.0022026002,0.005769832,8.396807405040228,3.134690792921147,4044.869,41.408165,1.6330731,0.07279193,0.37912825,0.057942763,0.3728508,0.04537195,0.29486322,0.041790497,0.4671734,0.08493363,0.25985852,0.043013137,0.25133613,0.0006045401,0.00088712573,0.006277442,0.073593326,0.035004705,0.059971455,-9.263570097401178
2M18575991+4947290,17.538805,5.2077565,7.407142,0.212449,0.010960376,-0.6846216,0.011106587,-0.66899157,0.010094735,0.403135,0.024103658,7.466104856092504,2.7097317241281917,4902.3716,60.26706,2.271232,0.10633901,-0.578207,0.045985628,-0.57605064,0.05545997,-0.3905881,0.058483932,-0.6151689,0.08203646,-0.68692183,0.055476867,-0.53252923,0.0046857,0.017639637,-0.0021563768,0.07204503,0.29633373,0.080610506,-10.072700151842067
2M19392622+4946342,13.995873,5.2862372,3.9101853,0.010609001,0.005615518,0.11488845,0.006986423,0.12410845,0.0059556896,0.030040003,0.006976965,6.555925266950901,2.520368877092563,4171.1235,25.571207,1.7281622,0.052196693,0.11157417,0.027747065,0.32324752,0.03421682,0.16916198,0.026940027,0.2125614,0.053158436,0.11858524,0.02930489,0.10623766,0.008218594,0.017580226,-0.21167335,0.044053268,0.05057674,0.039806303,-7.439948184282009
2M19403670+4954221,14.791084,4.83703,2.6671376,0.101279005,0.008691287,-0.03129955,0.0102697,-0.03204155,0.009270148,0.131543,0.016693367,7.8527434809974075,1.1092000871730632,4547.1597,29.169813,2.1930792,0.05991803,-0.058115304,0.017753549,0.094326764,0.021825902,0.052693058,0.02144161,0.01858046,0.041794684,-0.049581446,0.023190895,0.010647031,0.01639567,0.014200151,-0.15244207,0.02813465,0.10227451,0.031584177,-6.938340808553374
2M19114137+5046523,17.61976,5.0594606,0.0,0.114379,0.0098303,-0.34747154,0.010789072,-0.33751154,0.009790005,0.196675,0.020232867,6.7523615138425575,1.5913174671365378,4771.4453,38.58605,2.2777205,0.080962874,-0.33811262,0.02750129,-0.17054191,0.022797983,-0.1912868,0.03134884,-0.33354345,0.086260706,-0.36506876,0.030061206,-0.277349,0.01790914,0.006401062,-0.16757071,0.03572211,0.17378196,0.043433003,-10.867398999463106
2M19113077+5101351,17.660378,6.543061,10.393958,0.23758899,0.009411791,-0.39819154,0.010914199,-0.38240156,0.009657552,0.268345,0.014913546,10.108545810690845,1.4327929910985853,4393.046,20.60451,1.9723254,0.07234326,-0.26460838,0.016301474,-0.23769721,0.02714435,-0.07971629,0.027435336,-0.20042922,0.061814576,-0.39026272,0.024378553,-0.17110336,0.01024209,0.015867263,-0.02691117,0.03166313,0.31054643,0.036701657,-7.551831691750561
2M19241126+5123322,14.256076,3.6635387,3.4858189,0.084759,0.007559991,-0.35218155,0.00944045,-0.34018156,0.007962273,0.10673499,0.008592443,7.2317947030534615,2.696654506560174,4066.1743,19.77067,1.273253,0.054810956,-0.3687003,0.02436777,-0.20675142,0.032741364,-0.22548977,0.031425454,-0.2911572,0.053045295,-0.36259624,0.026654793,-0.27091113,0.00039589405,0.00039592385,-0.16194887,0.04081403,0.13710648,0.041207246,-7.024281156016363
2M19172161+5140182,11.77606,2.4004397,3.0832968,0.011875,0.007461831,-0.28604156,0.00791465,-0.26647153,0.007043757,0.040380016,0.013434152,5.004292518327224,1.0586875914360803,4688.5713,24.02581,2.2444193,0.06262718,-0.34196725,0.017479932,-0.14677776,0.019231912,-0.24030158,0.03222011,-0.32666627,0.039663713,-0.31746656,0.020967184,-0.25503406,0.017594486,0.0006656647,-0.19518949,0.025988737,0.07716498,0.03844162,-6.771767586042893
2M19254985+3701028,16.330519,8.350573,17.088985,0.073129,0.0071596387,-0.27478155,0.0082539115,-0.26961154,0.00713477,0.09916502,0.009704328,7.66955471036085,1.9235099850580344,4306.638,15.7688875,1.6817043,0.03937337,-0.31440824,0.01638423,-0.1420024,0.020486116,-0.17666656,0.022407474,-0.2663316,0.035935633,-0.3020923,0.019021308,-0.23377156,0.00048740208,0.000486508,-0.17240584,0.026232118,0.12542576,0.029392261,-8.66096401217333
2M19250971+3708188,14.028137,3.1137338,3.1114361,0.089278996,0.00924158,-0.57296157,0.009338187,-0.56592155,0.008398156,0.24135503,0.018507037,6.756680832880682,2.275747436923439,4823.6426,45.213696,2.1896641,0.102619484,-0.5787274,0.038463775,-0.4545454,0.044338822,-0.3667599,0.052935813,-0.58497375,0.049983315,-0.585391,0.04219455,-0.5148361,0.0037312508,0.0069098473,-0.124182016,0.058697473,0.21863109,0.06769476,-7.271456374150568
2M19293659+3713410,14.487719,6.653422,3.0107484,0.038808003,0.006135895,-0.01858455,0.007866141,-0.00824855,0.0066298484,0.058839995,0.007012165,6.867017616598481,2.6448772789516637,4064.6118,24.05458,1.4990044,0.051955767,-0.021077096,0.02626116,0.1559986,0.02657033,0.033405993,0.027911337,0.06747282,0.050289683,-0.030176958,0.023991961,0.005032011,0.0010390352,0.019343952,-0.1770757,0.037358142,0.06358295,0.036805663,-7.620700965554839
2M19255509+3726471,12.941958,4.2922792,4.71842,0.067539,0.0074490295,-0.34029156,0.008478973,-0.33327156,0.007346945,0.096715,0.010256603,7.579767426221349,1.64269055720092,4318.8804,14.98816,1.741607,0.047436558,-0.39684597,0.021484701,-0.19407266,0.018957138,-0.22045828,0.018032774,-0.31363204,0.038406957,-0.35430095,0.019026054,-0.2847012,0.017854124,0.0014336407,-0.2027733,0.028652495,0.13384266,0.02621396,-5.36219100120785
2M19314645+3732024,14.689262,4.9168906,2.809204,0.155089,0.007881591,-0.11704155,0.011095439,-0.08224255,0.009327494,0.21095401,0.008841062,9.611369145351357,2.7436017824754644,3935.8367,34.555508,1.2661046,0.08051404,-0.019526944,0.043549627,0.1247988,0.033928156,0.08208913,0.038623463,0.13429049,0.07509521,-0.10235577,0.037426133,0.07786576,0.015600514,0.007078998,-0.14432573,0.055205885,0.1844449,0.05378185,-5.077893244785361
2M19074491+3741456,12.531412,2.8039396,2.639092,0.166499,0.007393602,-0.21749155,0.007819551,-0.20103155,0.0069959573,0.228835,0.014529004,6.826622405366965,1.5547949861651147,4772.0044,20.585636,2.3781552,0.049059004,-0.072892085,0.028461909,-0.040649462,0.016963832,0.035281647,0.02831041,-0.12142253,0.029438797,-0.24419844,0.022123767,-0.07126267,0.0029582605,0.0004906878,-0.032242622,0.03313385,0.2794801,0.03592966,-5.704789719266824
2M19205259+3744281,14.354895,3.1088445,2.4718463,0.047082998,0.006951922,0.31651846,0.009987109,0.33853844,0.008587441,0.07534298,0.009079723,8.838596987905854,2.678771905410773,4016.261,41.47479,1.6935159,0.081659794,0.35904214,0.053787634,0.536394,0.053818494,0.3425101,0.042192426,0.5739195,0.10657413,0.29001287,0.04615162,0.32007012,0.019992173,0.001706034,-0.17735186,0.076089025,0.052497238,0.062531374,-5.5162976501556695
2M19205510+3747162,15.417005,8.239061,17.696108,0.010835998,0.0056498568,0.29568845,0.008156463,0.31164846,0.006783476,0.03168401,0.005985854,8.700270398657866,3.325310451187515,3861.6206,43.90903,1.4392651,0.07576553,0.35157636,0.051067147,0.55459344,0.0550875,0.3439882,0.042535752,0.6574919,0.1507514,0.29425415,0.048584066,0.31756753,0.018820763,0.0013646483,-0.20301709,0.075116485,0.049734056,0.06457323,-6.716734186608248
2M19210426+3747187,16.86553,8.432182,16.863201,0.008053001,0.0056565665,0.33242846,0.0075785713,0.34548846,0.0064758756,0.03485,0.007142664,7.6171418134809485,2.7348713578074015,4087.176,38.32751,1.7720848,0.078727655,0.35205063,0.0474236,0.52470404,0.05129831,0.3326228,0.041979432,0.5307177,0.09381983,0.2977582,0.04538428,0.30637878,0.00068196654,0.019449502,-0.1726534,0.06986068,0.034864604,0.06182237,-9.248388200557137
2M19270436+3746364,17.100153,5.802194,0.15822577,0.218309,0.010875169,-0.54118156,0.011686713,-0.5189015,0.010614765,0.32976505,0.02217694,7.522891422184312,2.040789746900003,4805.031,41.497257,2.2740304,0.0806504,-0.45659444,0.035133783,-0.39599225,0.039697748,-0.15967833,0.052961934,-0.37022313,0.089997575,-0.5272573,0.035096787,-0.35772243,0.011668384,0.0018709004,-0.060602188,0.053012203,0.36757898,0.06353543,-9.57726154717604
2M19205338+3748282,16.943378,9.977113,24.266375,0.024376001,0.0049890396,0.33668846,0.0067742863,0.35512844,0.0056715803,0.04910797,0.005516855,8.231041497364945,2.950077853192064,3971.324,43.65078,1.6150042,0.07863753,0.3737081,0.05923176,0.55985403,0.05704813,0.37148649,0.045101035,0.62595004,0.13298048,0.3119891,0.04997801,0.34746918,0.0011081398,0.00041341782,-0.18614593,0.0822368,0.059497386,0.06731942,-8.712336951121383
2M19210604+3752049,13.551894,11.967001,102.32584,0.038861997,0.00714059,0.34944844,0.009023105,0.36646846,0.008111459,0.071283996,0.01337677,7.383877093755203,1.0832792548440924,4516.904,33.39752,2.6452966,0.09118297,0.41735056,0.051698282,0.5459153,0.048719782,0.34964663,0.038284324,0.45234835,0.060674697,0.3103523,0.03954257,0.36463848,0.020933837,0.0017312765,-0.12856475,0.07103752,0.039294332,0.05503912,-6.168017094172043
2M19225059+3755438,17.060823,6.8043046,0.47798112,0.047997996,0.0079495385,-0.035947554,0.009721844,-0.02623355,0.008594676,0.068381,0.012666031,6.784111574368762,1.30996902964452,4368.7744,19.072884,1.9313722,0.047485933,-0.058884934,0.015403061,0.12580681,0.018163143,0.022294637,0.023375247,-0.0015786048,0.037314184,-0.03263385,0.02001631,-0.017126918,0.01680861,0.001036657,-0.18469174,0.023814997,0.054928485,0.030774256,-10.276711866182996
2M19242115+3758141,11.803206,4.7724833,5.2576175,0.00094299763,0.005896667,0.035929453,0.006923409,0.048346452,0.005996324,0.032382,0.008264548,5.337300868813186,2.1559059798000653,4347.9375,21.641312,1.9385769,0.047922336,0.025715664,0.024517378,0.2849092,0.03494629,0.07828742,0.029123724,0.04926465,0.032430444,0.019350255,0.019877395,0.025962986,0.0007076878,0.01578705,-0.25919354,0.042688932,0.05893717,0.03526049,-6.465905574973435
2M19242353+3759496,13.304544,2.663114,3.4448845,0.033876,0.009534939,-0.22828154,0.0108785145,-0.21217155,0.009854634,0.078840986,0.018916987,5.410111652344515,0.791272383022311,4659.0435,27.012865,2.1627374,0.06178093,-0.2308588,0.021250563,-0.05114882,0.021371003,-0.20550846,0.060210384,-0.24847667,0.035724577,-0.2413305,0.022597097,-0.21975264,0.0028943568,0.006599754,-0.17970999,0.030138118,0.03582205,0.06431111,-7.894432796508024
2M19205548+3800385,13.520725,6.5704823,3.8973432,0.007449001,0.0069885887,0.04843645,0.008642014,0.058188453,0.0075506237,0.033691,0.010260425,6.175974132117698,1.9417185274231628,4312.78,20.005806,1.8950527,0.043842893,0.02101554,0.021376071,0.24990904,0.028341783,0.08244658,0.028984094,0.06291506,0.03355844,0.029969404,0.018904503,0.04389712,0.018635903,0.0014633536,-0.2288935,0.035499196,0.05247718,0.034604307,-7.344751118126442
2M19215023+3804207,13.740419,5.555772,3.9199584,0.047666,0.006855159,-0.20174155,0.007700031,-0.18959154,0.006724117,0.077475004,0.010167943,6.89197552026954,1.3405624999162276,4429.5103,17.037601,1.922201,0.04694174,-0.2122935,0.013469412,-0.053180154,0.0150183765,-0.11250253,0.019812806,-0.18637282,0.031365927,-0.21474013,0.014852874,-0.15572962,0.016354427,0.0044761747,-0.15911335,0.020173663,0.1022376,0.02476197,-6.848443867547843
2M19295684+3809083,12.882496,3.8251696,4.495513,0.042489,0.0058768746,0.05008545,0.007748081,0.06832145,0.0064894585,0.063491,0.0064627375,6.314013844173087,2.93507102487188,4012.4072,26.928022,1.4596466,0.061651904,0.05611822,0.03082728,0.28628328,0.03857011,0.11304743,0.03386586,0.1792691,0.06839049,0.031348653,0.028814992,0.084680974,0.019273937,0.01760754,-0.23016506,0.04937585,0.081698775,0.04446572,-6.568482035953866
2M19193980+3816377,17.298164,7.813979,0.44373122,0.157569,0.006469083,-0.11416155,0.0076408633,-0.10573155,0.006581257,0.17921501,0.008596984,7.590513463938269,2.3589646817834873,4269.575,19.971018,1.7522522,0.05044423,-0.026034623,0.03160484,0.10109818,0.021522341,0.06415762,0.029352203,0.0015677456,0.037774503,-0.13583991,0.020634126,-0.0123339575,0.003426684,0.011273636,-0.1271328,0.038237117,0.19999753,0.03587923,-9.707650903737512
2M19274878+3813108,16.069412,5.9069257,1.7133815,0.017997,0.005224023,0.23692845,0.006162892,0.25408846,0.005357979,0.034303024,0.007677121,6.368560279571101,1.9884576648472987,4424.12,29.637817,2.1893024,0.063592754,0.26866254,0.04171812,0.4217682,0.035090405,0.26598972,0.035554986,0.29472747,0.044939525,0.21458818,0.030887302,0.25225246,0.0008330345,0.0007554889,-0.15310565,0.054513652,0.05140154,0.047097582,-9.700851951874212
2M19292318+3821329,12.618276,2.195101,2.6573853,0.00046100095,0.005689051,0.26893845,0.0067091696,0.27661845,0.005912902,-0.001410991,0.009367448,7.056714776152619,2.011721139683397,4520.547,28.060513,2.3135157,0.05991491,0.3207132,0.050163798,0.32575378,0.030778201,0.23008959,0.027130933,0.29646516,0.04058841,0.22205533,0.030532978,0.23209606,0.018575445,0.019210324,-0.005040586,0.058853243,0.008034259,0.040845443,-5.5615608662424005
2M19295826+3818221,17.418068,6.7028756,0.20169173,0.161799,0.010607327,-0.19236155,0.013686235,-0.17864154,0.012185735,0.19644502,0.017275805,8.000535966131412,2.187723282765567,4289.8955,20.55969,1.7768877,0.057592437,-0.124999754,0.020829316,0.015251801,0.022432877,0.012334046,0.030693354,-0.060000252,0.05726354,-0.23118864,0.023099398,-0.041967727,0.017435353,0.0049044155,-0.14025156,0.030611997,0.24352269,0.038414374,-9.417531965997494
2M19033352+3836021,15.2756605,5.3901296,2.3847177,0.037763,0.006888158,-0.21271154,0.0077409577,-0.19815154,0.006757223,0.07914099,0.010175374,6.772672144370948,1.6591963682329618,4429.4214,20.12776,1.8867949,0.04888765,-0.23361777,0.015938707,-0.039964836,0.019030731,-0.13255845,0.029109491,-0.21237111,0.036538985,-0.22746894,0.01784747,-0.18963383,0.0044876337,0.0027158558,-0.19365293,0.0248236,0.09491049,0.0341452,-8.502988370460596
2M19270827+3842115,10.764652,4.1119204,6.5733876,-0.013293,0.005712145,0.08141745,0.0070500304,0.09605045,0.006020373,0.012538001,0.007179522,4.828947450960602,2.5356378226736904,4200.0054,24.188528,1.7643929,0.052177228,0.04749328,0.028198289,0.31462908,0.041825373,0.09292831,0.027679399,0.10843174,0.043737233,0.03855174,0.02242345,0.08481668,0.020671599,0.00024262816,-0.2671358,0.05044309,0.054376572,0.035622466,-5.935704801236664
2M19382435+3847454,14.588142,5.838305,2.9910936,0.038760997,0.006665951,-0.16166155,0.0075521218,-0.14580154,0.006583925,0.069324,0.009769272,5.822748058714376,1.6049064100498087,4427.627,19.71158,1.9507748,0.047230586,-0.20723653,0.016592976,0.045726012,0.0148093775,-0.07611072,0.02176551,-0.11958986,0.028915431,-0.16158676,0.017281013,-0.13414842,0.00418815,0.0024422705,-0.25296253,0.022240605,0.08547604,0.02779156,-8.765394336305155
2M19410581+3843339,17.823788,3.9562294,0.041088074,0.074069,0.0052603954,0.19954845,0.0067491373,0.23260845,0.005715464,0.11779499,0.006260756,8.696010007654236,2.210691378989321,4109.6533,31.79637,1.7996062,0.07127478,0.27016428,0.045415115,0.44712162,0.044336554,0.29629487,0.03984304,0.4415683,0.09097818,0.20318215,0.038348395,0.2523853,0.00047075748,0.013546824,-0.17695734,0.0634686,0.09311272,0.055299796,-9.127777681554749
2M19031998+3853489,15.310875,5.7609487,2.3495035,0.049492,0.007133008,-0.27005154,0.007959073,-0.25466156,0.0069536194,0.08378497,0.0105783595,6.402024369900698,1.6777564238324798,4437.598,17.521393,1.8614671,0.048643976,-0.27685794,0.014330861,-0.08417205,0.015478238,-0.1635575,0.018759614,-0.2549973,0.032190766,-0.28395694,0.017861038,-0.2048658,0.0122329295,0.018294618,-0.1926859,0.021093825,0.120399445,0.025902506,-8.908850569064146
2M19294090+3850214,14.454398,4.838275,3.0844073,0.160559,0.007942158,-0.18615155,0.009405398,-0.17242154,0.008264584,0.18307501,0.012091291,9.31113908251669,1.59669257688561,4365.296,18.214703,2.0948067,0.060695488,-0.08108157,0.023621859,0.00022771295,0.015280876,0.047947828,0.027626293,-0.031242123,0.038091622,-0.20033199,0.020508992,-0.04029291,0.019289419,0.002776254,-0.08130928,0.028133564,0.24827981,0.03440684,-5.143259072695713
2M19383925+3853473,15.100801,2.453438,0.6390271,0.031089,0.0066689174,0.29099846,0.008124989,0.30715844,0.007268074,0.06858897,0.012225072,6.760495385682706,2.0817266692230714,4533.618,31.585938,2.3381658,0.065278724,0.4443542,0.066616915,0.31503588,0.03926332,0.28001922,0.036209587,0.2844444,0.032742716,0.23688196,0.032127216,0.30479744,0.00060263276,0.019821107,0.12931833,0.07732672,0.043137267,0.048407566,-8.340306082212802
2M19275812+3854060,17.060823,5.658326,0.47798112,0.048414998,0.007134699,0.037458453,0.010194037,0.04795645,0.008534305,0.060482,0.007827505,7.898172688914545,3.020115870761511,3907.4336,23.477386,1.2737949,0.057126798,0.0575203,0.037151285,0.22633815,0.03262856,0.119486146,0.034856047,0.21018079,0.08104598,0.023817876,0.032243785,0.08202328,0.016258612,0.0014415756,-0.16881785,0.049445335,0.09566827,0.047482688,-9.162650751637212
2M19022902+3903485,13.7088175,3.0673876,3.7092512,0.216289,0.009308472,-0.6801115,0.009705003,-0.67621154,0.008575735,0.238285,0.014873989,6.1237042037726095,3.529643207729032,4544.3975,28.3035,2.0814092,0.08597111,-0.65312046,0.040239554,-0.6216552,0.054052956,-0.3634727,0.029900225,-0.5315894,0.050831012,-0.68855846,0.032527935,-0.49431965,0.0015641749,0.019702613,-0.031465232,0.06738652,0.32508576,0.04418246,-7.585113278222019
2M19100701+3901564,12.676518,2.4906049,2.9190063,-0.007971,0.005722199,0.13209845,0.0064320923,0.14941846,0.0056743016,-0.018868998,0.0097105075,6.182398963079476,1.560027720791713,4606.562,22.432285,2.3504765,0.043863878,0.18558165,0.045121595,0.18382059,0.027963128,0.13191023,0.027289217,0.12960783,0.028933391,0.100689955,0.01944272,0.12423147,0.00084831566,0.00047353655,0.0017610639,0.05308385,0.03122028,0.033507027,-6.494119477167106
2M19272677+3900456,10.764652,2.0750477,2.7560735,0.008143,0.0055864817,0.14064845,0.006408348,0.15904845,0.005610738,0.022898003,0.0087266015,5.702899860375146,1.6630193373829176,4488.9404,24.723808,2.256964,0.058023416,0.120654196,0.030830149,0.35221955,0.035402335,0.14049289,0.02888149,0.13948062,0.033728085,0.10065646,0.022229416,0.14469336,0.019740514,0.000839144,-0.23156536,0.046944898,0.03983643,0.036445677,-5.06175239182212
2M19410715+3902080,16.481625,6.201461,1.0571811,0.152329,0.008341483,-0.08780455,0.010556591,-0.075818546,0.00925015,0.18253101,0.012304486,7.753352672920055,2.25210267990506,4235.6777,23.42233,1.7032324,0.05844172,-0.0026823431,0.027266392,0.13218892,0.024335582,0.090679295,0.02857544,0.031294566,0.04985946,-0.09321565,0.024195952,0.036028244,0.013903767,0.0095338635,-0.13487126,0.036546912,0.18389495,0.03744329,-8.72827193035143
2M19112610+3912180,13.335215,3.4951034,3.4915264,0.000562001,0.0046459143,0.39854845,0.0057799546,0.43170846,0.00496201,0.037146002,0.006186252,7.387481220271885,2.0345618237683243,4270.065,38.5606,2.2483525,0.0905954,0.4724526,0.05903133,0.6337612,0.05697015,0.4401199,0.042175874,0.5975062,0.08013299,0.3705081,0.04639094,0.42257926,0.018589675,0.0005171895,-0.16130862,0.08203838,0.06961179,0.062697075,-5.947733394596279
2M19434309+3917436,17.61976,7.503966,13.070459,0.219779,0.0073955483,-0.33451155,0.008447391,-0.32183155,0.0073137525,0.24963501,0.010124753,8.648547570280533,1.969857804798487,4343.632,21.257862,1.7889125,0.057205923,-0.23005019,0.02182265,-0.1519392,0.020504203,-0.04853671,0.02761878,-0.1793088,0.03881898,-0.3619077,0.0236914,-0.15720488,0.010232121,0.005249366,-0.07811099,0.02994412,0.31337097,0.036387905,-8.971212943025131
2M19043155+3934144,16.59587,5.6814656,1.2279186,0.041395,0.0057589007,0.15754846,0.006594655,0.17483845,0.0058086175,0.069879994,0.00950564,7.750619764840013,0.9869304198086797,4563.9575,24.57646,2.6442022,0.065746374,0.20104098,0.03894008,0.31685296,0.02789333,0.19882913,0.027426591,0.22989747,0.03511846,0.1386271,0.024456639,0.20839052,0.020975113,0.0012741834,-0.115811974,0.04789956,0.060202032,0.036747042,-8.84524929949104
2M19102268+3938590,17.458221,5.0987473,0.9071619,0.194869,0.008118579,-0.42473155,0.008459568,-0.40053156,0.007547078,0.290415,0.014827753,7.9230055029720186,1.9677702935645103,4739.649,30.35248,2.2775807,0.06199963,-0.30227044,0.017249309,-0.25194666,0.023731176,-0.13643447,0.02606704,-0.28419107,0.040215585,-0.4268316,0.024526125,-0.23487914,0.019875973,0.002009675,-0.050323784,0.029337814,0.29039714,0.03579136,-9.535215932574857
2M19193181+3938028,15.739829,5.4833093,1.7586383,0.018054001,0.0059377598,0.017009452,0.0071036643,0.03323045,0.006114419,0.043228,0.007904455,6.628794522258794,2.1096160379987556,4282.214,19.52685,1.8743783,0.046986155,0.0068256557,0.02158175,0.2001411,0.023785548,0.076216176,0.026536627,0.053086754,0.034796044,-0.00134722,0.018130928,0.025251774,0.00046701357,0.00046297535,-0.19331545,0.032117352,0.0775634,0.032139122,-9.111034541156734
2M19405985+3939150,14.6554785,4.1358595,2.8833265,0.031646997,0.0081471335,-0.23653156,0.008950855,-0.22955155,0.008011754,0.08880499,0.014991568,6.6727728396795705,1.3157682333539276,4658.1606,22.918982,2.2130094,0.052194443,-0.26047432,0.015707687,-0.11566636,0.016375192,-0.15066709,0.019855455,-0.25939253,0.037196763,-0.25897092,0.01846126,-0.21328858,0.0018498152,0.018265516,-0.14480796,0.02269093,0.10830383,0.027111938,-7.982705637798457
2M19100479+3947424,16.86553,4.012664,5.2654166,0.014077,0.0048458125,0.36203846,0.005718967,0.38999847,0.004990915,0.032665998,0.007470938,6.005936010616938,2.0423191679402195,4483.878,33.337242,2.447121,0.077256985,0.38915202,0.04951171,0.5625986,0.052279636,0.35500857,0.03838581,0.4270019,0.050527047,0.31432763,0.037398748,0.36355054,0.0030334294,0.003720075,-0.17344657,0.07200395,0.040680945,0.05359232,-10.859594003421147
2M19370927+3945490,14.321879,6.6128445,3.1363425,0.097819,0.006267109,0.027207451,0.008273669,0.049430452,0.006974367,0.138228,0.0071728732,8.970200080551525,2.409672711440745,4025.938,25.191284,1.5067118,0.05731819,0.04904145,0.028810479,0.2206625,0.030986037,0.12070649,0.03328457,0.21855083,0.087859534,0.02051727,0.026359513,0.10295465,0.0017735958,0.0028369874,-0.17162105,0.0423105,0.100189224,0.042458057,-5.351679306350331
2M19445172+3950528,10.81434,2.0846257,2.706386,0.025242,0.0069391117,-0.11744155,0.0074356785,-0.10916155,0.006636079,0.009714,0.013313542,4.385439648730211,0.8337649588864268,4779.734,19.907267,2.4525383,0.04248636,-0.15394019,0.013322165,0.031750534,0.014080711,-0.04638891,0.016449124,-0.116400495,0.027059082,-0.1311287,0.015665485,-0.11093477,0.0072504804,0.0005611032,-0.18569072,0.019384183,0.08473979,0.022715217,-6.428899989026137
2M19504511+3952165,9.268298,4.8627496,8.310938,0.028490998,0.006435031,-0.10827155,0.0075457217,-0.09651155,0.0065150936,0.051235996,0.008720795,4.026105276419193,2.1656142819284137,4303.3237,16.813892,1.7497947,0.045676827,-0.15528108,0.019094937,0.13720217,0.024444662,-0.07151965,0.019827321,-0.08895542,0.034472317,-0.11228961,0.016808446,-0.09153103,0.00027213246,0.0002719462,-0.29248327,0.031018673,0.040769957,0.025993202,-5.242192872689694
2M19491619+3957059,14.354895,2.8468904,3.0631745,0.013329998,0.0075519956,-0.17288154,0.009276224,-0.15494154,0.008022541,0.039357007,0.010202786,5.943524116628503,2.0260119546574207,4227.42,18.298717,1.7187274,0.052712448,-0.17939658,0.016317133,-0.011301067,0.016488716,-0.07829465,0.02374966,-0.10530056,0.047040645,-0.17411676,0.019995112,-0.13894528,0.0013117641,0.020324178,-0.16809551,0.023197556,0.09582211,0.031045947,-8.411370521433021
2M19210953+4001203,17.060823,7.792526,14.344263,0.067309,0.0057905065,0.070831455,0.0072555253,0.076485455,0.006165964,0.08196,0.0070224744,7.80028502173918,2.5414518742806345,4142.5894,26.442951,1.6665124,0.053857025,0.071272194,0.02927277,0.23002213,0.027867049,0.12984392,0.033717185,0.14425263,0.04704813,0.037573956,0.023021003,0.10471736,0.0035577714,0.011926867,-0.15874994,0.04041618,0.092269965,0.04082665,-9.260538418812578
2M19403569+4005038,16.106457,7.7311635,14.867737,0.088289,0.00842096,-0.5072715,0.008853267,-0.50048155,0.007840845,0.159935,0.013970694,6.102438895733225,1.5221200894935036,4566.518,30.330114,1.8241411,0.0708855,-0.6030791,0.037017755,-0.2938927,0.02207507,-0.3625976,0.037940882,-0.55504197,0.0434964,-0.5442774,0.025723154,-0.43778142,0.007819921,0.007789284,-0.30918637,0.04310015,0.18167982,0.04583875,-10.004017860858571
2M19411367+4003382,15.03142,1.8791714,0.67220837,-0.022297,0.0066847117,0.017946452,0.0074364236,0.04627145,0.0066416473,-0.0062540025,0.012714706,6.559319062949542,1.5167798940892494,4702.2607,24.32282,2.515638,0.052481692,0.081463665,0.035464708,-0.06562088,0.055806868,0.009463568,0.03634079,0.023267826,0.029845044,0.0022623478,0.017449666,0.004799793,0.00054160785,0.01772611,0.14708453,0.06612225,0.0072012204,0.040313073,-8.47210069107878
2M19480208+4009132,16.519617,6.969692,1.3041697,-0.007957,0.005355024,0.28150845,0.0068717944,0.29779845,0.0058745407,0.013099015,0.0068100356,6.6353840015933985,2.773237734963619,4164.822,36.37194,1.8405358,0.08072512,0.3221399,0.054215614,0.59083325,0.06322833,0.311815,0.042077783,0.4065478,0.072994374,0.25988725,0.042316295,0.27022937,0.0037056506,0.015616,-0.26869336,0.083289586,0.051927745,0.059675865,-9.884233079095079
2M19525053+4010494,14.092888,5.0979123,3.6899061,0.029234,0.005117124,0.25151846,0.006137601,0.28061846,0.00531059,0.07228699,0.0072161434,6.859775780735015,2.229358137467702,4357.4453,32.125145,2.119709,0.067812145,0.31864718,0.05014032,0.46223164,0.04677996,0.2837956,0.036169793,0.33283025,0.03951845,0.2318132,0.033209953,0.2709258,0.0007536113,0.00055783987,-0.14358446,0.06857417,0.051982388,0.049103513,-7.2331120976829535
2M18551699+4016018,15.488166,5.89416,2.4178925,0.006717,0.0052973526,0.19672845,0.006515075,0.21757846,0.005584665,0.031039,0.0068909936,6.069229043354815,2.6626810704245627,4234.63,31.428282,1.9634618,0.072913066,0.19927073,0.038200673,0.40622061,0.042777717,0.22364612,0.034279466,0.27034363,0.05221334,0.162901,0.031773288,0.16950686,0.00047573447,0.02080679,-0.20694989,0.05735176,0.06074512,0.04673996,-9.4189368120529
2M19205718+4018336,16.443718,4.962181,1.2981776,0.021642,0.004998014,0.32728845,0.0072038355,0.35555845,0.0059212423,0.046306014,0.004932851,8.223309707327779,3.25905021455184,3836.341,48.24037,1.4321061,0.08444256,0.38412538,0.057388626,0.5339508,0.046324152,0.37515655,0.04354904,0.7518539,0.20639892,0.3168926,0.05016741,0.32511818,0.0,0.0,-0.14982542,0.073752165,0.058263958,0.06643258,-8.22040824921519
2M19392924+4019544,11.748976,2.066197,2.4743123,0.04694,0.0059740376,0.21638845,0.0068193064,0.22769845,0.0060694898,0.057669,0.011082394,6.500184797206258,1.7995585443836832,4633.132,27.174513,2.3819098,0.054004576,0.23876339,0.04483117,0.20970945,0.02948149,0.2017092,0.03228917,0.16032514,0.030334122,0.13986655,0.026757624,0.23133887,0.0,0.0,0.029053941,0.05365624,0.06184265,0.0419352,-5.248790956577921
2M19114851+4027285,16.672472,6.556678,0.9879061,0.148559,0.012308118,-0.41134155,0.013928349,-0.34850156,0.012881734,0.09595597,0.029935688,5.824830257861354,1.6722420173449406,4805.796,33.6853,2.5896192,0.085413896,-0.20560119,0.030063488,-0.3703021,0.055852544,-0.16724658,0.07479573,-0.19772099,0.050954264,-0.35282874,0.030012809,-0.21789306,0.020026743,0.01904662,0.16470093,0.063429646,0.18558216,0.08059262,-10.847641742260716
2M19225770+4026306,14.723125,2.0466063,0.980503,-0.015764,0.006809578,0.07383645,0.007614643,0.07551345,0.0068251393,0.002744995,0.0135299405,6.977476011002265,1.9023532869537538,4760.66,28.178522,2.424471,0.053402517,0.015721232,0.025430111,0.05229384,0.023757204,0.043651145,0.022050539,-0.004490217,0.033824094,0.01842072,0.019648563,0.044354923,0.0004317537,0.00043174997,-0.03657261,0.034800794,0.025230424,0.029534595,-7.745649446761407
2M19243182+4024559,14.157938,6.1226764,3.7481208,0.090389,0.005788505,0.067194454,0.0075514917,0.08788745,0.0063458653,0.11330799,0.0065074586,7.847638323842514,2.72582830219928,4030.8171,26.27604,1.5348889,0.059648402,0.14333212,0.03966989,0.30776003,0.035305478,0.18720685,0.03465363,0.26648444,0.07133353,0.08136297,0.031172123,0.1415958,0.0005635172,0.0029214472,-0.1644279,0.05310534,0.10584388,0.04661089,-6.3102996796975255
2M19543447+4026463,16.86553,6.7030435,11.124283,0.009162001,0.00477177,0.36559844,0.0060968227,0.38688844,0.0051865857,0.038051993,0.0059057362,8.227048803754334,2.345408360840198,4148.9106,34.523857,1.9251757,0.06936811,0.37400725,0.04976632,0.50809884,0.043630138,0.37073854,0.043682303,0.63296515,0.13959558,0.33056465,0.044315472,0.36054665,0.014276773,0.0070378482,-0.13409159,0.06618365,0.04017389,0.062225435,-8.638481210283752
2M19535285+4034226,15.310875,6.211742,2.3088858,0.008763,0.006262789,-0.06819355,0.007302782,-0.050621547,0.0063232384,0.049429998,0.008707519,7.024454328905144,1.8297544220460178,4359.92,16.163591,2.035199,0.053685065,-0.082926214,0.015985258,0.13976808,0.01887811,0.019270126,0.021214547,-0.023429284,0.03848283,-0.0755511,0.018155286,-0.040262442,0.019662008,0.001908131,-0.2226943,0.024736846,0.09482123,0.027922597,-8.2864206100597
2M19003815+4036588,13.001696,3.1615846,3.6707764,-0.0244915,0.004664216,0.36951846,0.0056143855,0.43973845,0.004872797,0.024538994,0.006839213,7.112586438087252,2.1814549909570053,4427.715,40.11315,2.5083826,0.10664238,0.51231664,0.060179904,0.6258463,0.06648803,0.44465676,0.046059873,0.54199064,0.06619348,0.38295713,0.0477312,0.4208599,0.0006483495,0.00062409043,-0.11352968,0.08967875,0.06169963,0.066330835,-5.889109194847318
2M19224975+4037527,16.86553,6.957211,11.842276,0.0038399994,0.0058648004,0.35163847,0.008190851,0.37869844,0.006969965,0.032634974,0.0071890457,8.849515578270813,2.6068836817715506,4025.6008,40.013363,1.7789519,0.085097685,0.4201682,0.056611158,0.62272125,0.06190966,0.40793675,0.042961795,0.72813314,0.1763959,0.3430765,0.05145915,0.36335394,0.0022512674,0.0011002123,-0.20255306,0.08389058,0.064860255,0.06703551,-8.016014435767273
2M19382607+4038403,16.330519,7.4793634,1.289241,0.088009,0.00666101,-0.15741155,0.0077854306,-0.15274155,0.0067198826,0.102194995,0.0089776125,7.374583161041796,2.191809039572675,4286.6763,16.614622,1.7217089,0.04361363,-0.13162799,0.02289888,-0.053612467,0.023879725,-0.071799606,0.023822306,-0.14405248,0.03158403,-0.1721432,0.020091813,-0.112307675,0.013664715,0.0005751699,-0.07801552,0.03308474,0.1003436,0.031163812,-8.955935561492383
2M19501120+4039502,16.982437,6.866642,11.527746,-0.015118001,0.0073378906,0.021342453,0.009121377,0.032452453,0.007988145,0.028965,0.010915001,7.1644052708644494,1.7433974745881562,4312.085,19.731783,1.8773856,0.04928291,-0.0060741156,0.024106003,0.31664434,0.039464537,0.09023721,0.021454526,0.084265694,0.035404656,0.04114061,0.022596497,0.018679589,0.013001047,0.007890398,-0.32271844,0.04624445,0.0490966,0.031159243,-9.818031862924613
2M19175901+4046117,17.139572,2.8506334,0.3588938,0.288189,0.017041618,-0.7852715,0.018323934,-0.76496154,0.017152589,0.34189498,0.04939841,6.886474368019096,3.2610661872479207,5056.415,72.18744,2.3742132,0.1307283,-0.7239908,0.06803279,-0.4964435,0.09223046,-0.3667495,0.08083009,-0.70727044,0.14705794,-0.7707439,0.07100266,-0.56034577,0.028310835,0.0028058887,-0.22754729,0.11460768,0.4039944,0.10758662,-10.253097775535592
2M19213172+4052395,14.354895,4.354894,3.264866,0.061909996,0.007390976,-0.27778155,0.007881403,-0.26346156,0.0069983993,0.08722499,0.01294064,6.1318843542640735,1.0498057447326254,4661.752,22.062634,2.1705844,0.052691776,-0.33702153,0.017053977,-0.16903907,0.018390803,-0.20431043,0.02548727,-0.27906877,0.03729706,-0.30747446,0.01833497,-0.21973343,0.015537798,0.005357757,-0.16798246,0.025081063,0.10316403,0.031397007,-8.22301028379745
2M19280532+4049342,14.354895,6.5565934,3.1839106,0.112849,0.007036224,-0.010428548,0.009278922,0.02566845,0.007930184,0.160002,0.008786708,8.986033899165466,2.1971022821333257,4076.7373,29.98533,1.6137177,0.07333441,0.06540221,0.037429187,0.26217553,0.03843872,0.15513597,0.034479655,0.15582412,0.047354825,0.009445349,0.03224036,0.086286314,0.014831722,0.002191633,-0.19677332,0.05365146,0.14569062,0.04720474,-5.368860738896057
2M19384478+4049062,10.889301,4.506666,6.132284,0.0055710003,0.005806751,0.06320445,0.0068262196,0.07383645,0.0059136013,0.020755999,0.008168181,5.6791800192516,1.5953482151098288,4355.4395,18.518864,2.0819478,0.05467866,0.011954099,0.018890746,0.22850679,0.022412825,0.08452391,0.023422897,0.09183557,0.03551516,0.031459697,0.019201202,0.042163767,0.016145574,0.0029190741,-0.21655269,0.029312028,0.053064212,0.030287262,-5.210121280797228
2M18560337+4058260,15.346169,4.946968,1.5972081,0.207799,0.008176217,-0.48636153,0.0089085465,-0.47746155,0.007798572,0.251115,0.012159702,9.85344405010883,2.3952201626378473,4429.0317,19.109686,1.8071433,0.05990046,-0.441619,0.017553395,-0.32336926,0.023120943,-0.21954276,0.027600128,-0.4205661,0.04833059,-0.5293551,0.021255387,-0.3316994,0.005758345,0.00917387,-0.118249744,0.029029291,0.30981237,0.03483617,-5.492725421631892
2M19492734+4054564,17.538805,6.421488,10.130611,0.194429,0.007000085,-0.24744155,0.008198036,-0.23347154,0.0070587024,0.223405,0.009220719,8.310746065515225,2.028855718338489,4274.166,18.159655,1.6944307,0.049888827,-0.10565296,0.03349239,-0.041448694,0.017578522,-0.011795568,0.024538402,-0.08797646,0.03344705,-0.26244023,0.020507226,-0.08099908,0.006424494,0.0061083585,-0.06420426,0.037825186,0.25064465,0.03197936,-9.228058942419345
2M19123427+4105257,14.588142,4.5881424,3.0722356,0.183049,0.007602235,-0.38470155,0.008650404,-0.36659154,0.0074904286,0.21720502,0.010393724,8.689168690299416,1.9207880647137558,4319.4014,17.330904,1.7673566,0.05763249,-0.2760643,0.016680162,-0.22603096,0.021964174,-0.12990446,0.022763727,-0.223389,0.03851719,-0.38991356,0.02198806,-0.23315184,0.00393261,0.01993525,-0.050033346,0.027579933,0.2600091,0.031649046,-5.898973704720115
2M19131310+4102517,14.521116,4.8606076,2.9773507,0.11693899,0.0067528295,-0.15170155,0.007328076,-0.11428155,0.0064960467,0.146115,0.01178593,6.679977988613999,1.2283418532945145,4661.222,24.036118,2.5329964,0.06776685,-0.062060386,0.019093672,0.051734988,0.018368019,0.031221319,0.022698259,-0.019358793,0.033460673,-0.1655136,0.019681888,-0.019854706,0.0012554303,0.021267053,-0.11379537,0.026494386,0.19673492,0.030043097,-7.8411382680998685
2M19140896+4105495,10.209394,1.5397761,1.8687435,-0.010422001,0.005612421,0.10577845,0.0066608097,0.12807845,0.0057606613,0.016741,0.00780898,4.559637004022378,2.2315347431233628,4337.994,22.027344,1.9757787,0.04976715,0.07449967,0.025886916,0.30467966,0.031472515,0.12872228,0.026746709,0.11523512,0.036541514,0.07792119,0.022722876,0.10457516,0.021086544,0.009300992,-0.23018,0.040751092,0.05080109,0.035095803,-5.649757450933676
2M19202261+4100425,16.1808,5.216018,1.5202892,0.194379,0.0074655963,-0.34633154,0.008459725,-0.33565155,0.007340407,0.22147499,0.010392351,8.703367510279293,1.4193654713261807,4349.0156,18.519083,1.8322523,0.06105548,-0.26345605,0.015217705,-0.19457194,0.01982409,-0.07465459,0.020971376,-0.1650641,0.0475373,-0.35824057,0.022337602,-0.17839213,0.0009666085,0.0017358959,-0.068884104,0.02499146,0.283586,0.030639306,-7.477431973973637
2M19314375+4117383,13.740419,5.34582,3.9199584,0.058256,0.007765376,-0.38396156,0.008330289,-0.37413156,0.007352156,0.10627499,0.01256947,5.8424637994592405,1.425332857341609,4554.574,25.154945,1.9534793,0.060207583,-0.3989958,0.01938739,-0.16604912,0.017643875,-0.27197674,0.02324746,-0.40309083,0.039345186,-0.39398193,0.02196987,-0.32565963,0.02551812,0.0007312596,-0.23294666,0.026214065,0.122005194,0.03198624,-7.897955588358142
2M19505108+4115537,14.588142,6.6265492,3.235645,0.021262001,0.0052,0.24780846,0.007202403,0.27634844,0.005975291,0.04900998,0.005417279,8.21944088823265,3.1165632606306657,3928.3545,37.608395,1.5208268,0.07430494,0.30886295,0.04937258,0.42065698,0.039419897,0.31535733,0.043715794,0.51293254,0.10635697,0.24168737,0.045128204,0.2706892,0.00026392937,0.0066501796,-0.111794025,0.06317895,0.073669955,0.06283013,-6.368701506786881
2M19345670+4123336,16.519617,6.969692,1.0596181,0.193009,0.0066932663,-0.17340155,0.007900401,-0.16097155,0.0067975903,0.220715,0.008799001,8.251965657475838,2.0658393120053034,4262.9067,18.039913,1.7330639,0.050109617,-0.04980123,0.029707875,0.063623406,0.022308491,0.07900823,0.027716482,-0.007207965,0.035777606,-0.17690937,0.021890793,-0.008970795,0.0036310302,0.006115188,-0.11342464,0.0371514,0.2559176,0.035318695,-8.267651423212639
2M19281105+4124491,17.579237,7.2278147,12.2745905,0.061178,0.007457872,-0.33999154,0.008401316,-0.33345154,0.0073030954,0.094105005,0.010540188,6.803770501474,2.0172120188177307,4357.98,14.746415,1.6871526,0.04360622,-0.374387,0.017051911,-0.12170188,0.01470326,-0.22373088,0.017796654,-0.3241262,0.036784567,-0.34895274,0.01840047,-0.28775683,0.007089615,0.011361688,-0.25268513,0.022515628,0.12522186,0.025598792,-10.77546648277893
2M19372243+4127269,15.346169,4.946968,2.2330663,0.196989,0.009525405,-0.66756153,0.009568447,-0.59817153,0.008622479,0.308775,0.019623118,8.477982588107448,2.0698914854781014,4843.2676,50.055447,2.641726,0.12207112,-0.39478874,0.036291737,-0.57525516,0.067178115,-0.20646076,0.0605154,-0.41104692,0.069221675,-0.5765418,0.040862333,-0.44005972,2.7030706e-05,0.0003695786,0.18046641,0.07635437,0.370081,0.073019475,-6.868186883633275
2M19171026+4135505,10.665961,4.5705924,6.79226,0.025677,0.006316416,-0.070261545,0.0072220573,-0.05772555,0.0062917517,0.044175997,0.009253617,5.308932388411187,1.748079420727202,4403.4155,16.480848,1.9802214,0.049256317,-0.13949424,0.014001418,0.1255675,0.016029371,-0.019121747,0.019844798,-0.062762395,0.03360966,-0.09770047,0.016056197,-0.06531394,0.004655868,0.01614666,-0.26506174,0.021283336,0.078578725,0.0255268,-5.357028877152778
2M18522063+4149520,17.378008,4.5547023,0.120458595,0.011742,0.006146194,-0.034979552,0.007240118,-0.02151955,0.0062535144,0.033186004,0.008387602,6.325469067888558,2.1853474449753176,4313.649,16.12444,1.8570055,0.042872917,-0.058673546,0.016707808,0.10647838,0.016376033,0.025873002,0.028816542,-0.008760905,0.034384377,-0.046950854,0.01877075,-0.01819337,0.01565756,0.0065148324,-0.16515192,0.023394985,0.07282385,0.0343909,-11.052538820905387
2M19253409+4156071,16.255487,8.330474,17.087154,0.170419,0.009440211,-0.28998154,0.011468834,-0.27786154,0.010125255,0.20885502,0.014618496,8.448536975203675,1.7620945114524211,4338.4404,16.723753,1.7347995,0.047807917,-0.22428368,0.01924662,-0.11817733,0.018244393,-0.052979253,0.026932558,-0.2037668,0.050208192,-0.31551543,0.020437859,-0.13822748,0.015893534,0.00775297,-0.10610635,0.026519619,0.26253617,0.0338093,-7.806950466812927
2M19012748+4202163,15.03142,5.1002593,2.4670472,0.011353001,0.0062373616,-0.05612055,0.007235949,-0.042358547,0.0062768105,0.036197998,0.0088102445,6.136895148294003,1.4674565186806654,4354.4233,16.702318,1.9317945,0.05214714,-0.083308026,0.01861107,0.11532883,0.019386182,-0.01873584,0.024086755,-0.050160166,0.034187187,-0.07024708,0.018405352,-0.052309103,0.000697881,0.0051573887,-0.19863686,0.026873704,0.051511236,0.030313838,-8.894524605734318
2M19061953+4200294,15.240527,5.5800185,2.5013673,0.049145997,0.0061842436,0.24571845,0.007439456,0.25917846,0.0065810937,0.073143005,0.010325431,6.757351035589975,1.6048386078492543,4504.575,29.408875,2.3475125,0.070567586,0.30357215,0.048858743,0.40277016,0.041555,0.28606343,0.03708261,0.3099507,0.046809662,0.21961994,0.03245856,0.25220692,0.0009340942,0.011554867,-0.09919801,0.06414043,0.06644349,0.04928162,-8.483176117425161
2M19515988+4203227,14.962357,5.279578,2.5361104,0.040441,0.0060217944,-0.00416355,0.007804781,0.02450145,0.006562336,0.06601,0.0067810244,7.292941659454028,2.681468600352707,4039.8674,24.543535,1.5222014,0.05862129,0.046640545,0.03695426,0.17846903,0.030950058,0.06221663,0.030575572,0.1678606,0.080116324,0.0028601377,0.02484919,0.05267409,0.015167136,0.00048146024,-0.13182849,0.048202943,0.059356492,0.039399844,-7.669414907928784
2M18490790+4211488,16.86553,6.001274,9.316299,0.073049,0.00798736,-0.44182155,0.008655124,-0.43408155,0.00759914,0.12408498,0.012234496,7.557920101107223,1.492072744419705,4494.937,20.64285,1.8173333,0.053678177,-0.5106037,0.027925929,-0.28881198,0.022657588,-0.32642063,0.026090194,-0.44021404,0.04462209,-0.45334494,0.021284267,-0.390335,0.00042006373,0.0004221797,-0.22179174,0.035961423,0.1269243,0.033670735,-9.307609912930863
2M19101979+4209464,11.376273,1.6488006,1.9589415,0.135349,0.0069626938,-0.14440155,0.007455077,-0.11069155,0.006656257,0.16332501,0.013448125,3.751195614803698,1.6549538804062052,4765.8438,24.317225,2.4051418,0.050737225,-0.023506284,0.04154101,0.30132592,0.061288867,0.06115854,0.021557787,-0.0250734,0.027122691,-0.1396178,0.021927519,-0.016657392,0.0003140159,0.00031401776,-0.3248322,0.0740404,0.20077634,0.030749867,-7.625077540408705
2M19104842+4214142,17.579237,5.6118307,8.243366,0.183009,0.008973966,-0.6210315,0.009381224,-0.61240155,0.008297188,0.23844498,0.014541902,8.450817980878629,3.0186144546949474,4559.21,33.001602,1.8056852,0.08160276,-0.62069774,0.033453364,-0.46881258,0.036279354,-0.36474892,0.033105157,-0.5548627,0.042840317,-0.6564739,0.033542383,-0.46701673,0.009037763,0.00974974,-0.15188515,0.049348954,0.29172495,0.04712794,-9.128419003374301
2M19054735+4221458,14.321879,3.7293417,2.9762845,0.010997001,0.007587228,0.062363453,0.009065286,0.074602455,0.00810095,0.034031004,0.013473767,6.3176573132067855,1.765076214559438,4526.364,23.865059,2.2155335,0.04799242,0.030161679,0.019584272,0.2956805,0.0295494,0.082024254,0.023670664,0.07946968,0.03391918,0.052852757,0.019248514,0.06473549,0.014078397,0.0010232925,-0.2655188,0.035450116,0.029171497,0.030509107,-8.00422207369507
2M18463836+4225471,13.243415,4.771141,4.134593,0.072298996,0.0055012275,0.13372844,0.007480552,0.18223844,0.0062260875,0.12338099,0.0058325613,8.125653986588866,3.1808953734808236,3943.763,34.584843,1.4601233,0.07580223,0.21740574,0.044574443,0.39297608,0.04293053,0.22739641,0.038448915,0.47265053,0.12770171,0.15859012,0.03857269,0.18652081,0.0021527708,0.0030865222,-0.17557034,0.061886277,0.06880629,0.05446257,-5.117760892256349
2M19095925+4225483,17.660378,3.1726596,0.24568033,0.162229,0.0076697483,-0.39196154,0.008533707,-0.37697154,0.0074392324,0.198925,0.011071513,8.553913365243563,1.439753446784014,4410.9346,17.945517,1.7944437,0.050930917,-0.35106313,0.016886612,-0.21328382,0.02007622,-0.14733908,0.022758,-0.29489473,0.03934869,-0.41305554,0.022655,-0.24569964,0.012336433,0.0111839175,-0.13777931,0.026233802,0.26571646,0.032111924,-9.106464137197843
2M19365546+4226563,17.782795,4.042374,0.12326444,0.011338998,0.0051381905,0.27349845,0.0071692145,0.29788846,0.0059383204,0.035659015,0.005303843,8.344829480299238,2.9998167945997296,3903.4375,39.249187,1.465444,0.07322716,0.3063549,0.047726035,0.46377495,0.04145023,0.32490388,0.040518813,0.573416,0.1274061,0.2541645,0.04587186,0.30453214,0.0025081336,0.0004042685,-0.15742004,0.063213095,0.07073939,0.06120459,-9.43796547209334
2M19164706+4231499,17.060823,7.6419277,0.7629638,-0.0014040023,0.00570107,0.10619845,0.006519124,0.12499845,0.0057083466,0.036518,0.0088892905,6.044180519597336,1.4314125186118138,4503.0796,24.459267,2.1953719,0.04737503,0.07800847,0.02686207,0.26267108,0.021253485,0.10432031,0.019961962,0.09360169,0.03421393,0.07352335,0.020765066,0.10548886,0.0123077035,0.0037492588,-0.18466261,0.034253195,0.03079696,0.028803956,-11.016642920954421
2M19032521+4241181,16.1808,6.1346426,1.3580047,0.102818996,0.0062076813,-0.04337755,0.00798171,-0.02529355,0.0067193857,0.139149,0.007036157,8.77141910462747,2.3997140110304764,4062.868,25.343403,1.4935565,0.056594856,-0.006373912,0.025310688,0.11936297,0.028706731,0.10917298,0.036908697,0.14642307,0.07517531,-0.036598407,0.02682711,0.040158976,0.0033204518,0.010305025,-0.12573689,0.038271494,0.14577138,0.045628343,-7.4093803796254605
2M19060646+4238556,17.139572,6.098787,9.467677,0.172989,0.011821468,-0.56062156,0.012785651,-0.55258155,0.011679204,0.36909503,0.02511493,8.624094224365113,2.4830675383500296,4702.8945,43.685844,2.0667129,0.08837398,-0.6069715,0.04552836,-0.40712848,0.042759567,-0.27364352,0.0518532,-0.5493405,0.043883905,-0.6165585,0.035920337,-0.48584628,0.019851565,0.018411756,-0.19984302,0.062459685,0.34291497,0.063079506,-8.515477919189575
2M19110164+4245455,14.962357,3.7679777,2.6168795,0.263449,0.012023184,-0.66936153,0.0133143235,-0.66418153,0.0119807655,0.288135,0.021452943,9.880352954371403,2.080693405286173,4533.9253,31.245827,1.9939908,0.09726294,-0.637798,0.047809094,-0.57463014,0.055803977,-0.306886,0.03371649,-0.50455606,0.047600288,-0.6641701,0.034228336,-0.49497053,0.020089597,0.019403785,-0.06316787,0.07348329,0.3572841,0.04804561,-5.082003613011409
2M19143197+4243029,14.421153,3.5568972,2.996915,0.041720003,0.006356938,-0.06289255,0.0070030596,-0.02462255,0.006189625,0.105639994,0.010817249,6.905447977981375,1.4314063219743862,4638.5054,22.469643,2.4184048,0.060675643,0.054754794,0.032402176,0.1301129,0.022749819,0.08267874,0.028288744,0.035136037,0.03799123,-0.050155632,0.021489087,0.043126184,0.0016115643,0.0016834214,-0.07535811,0.0395911,0.13283437,0.035525117,-7.515705090561106
2M19163301+4259531,16.672472,7.9628363,15.242907,0.190459,0.00928353,-0.34309155,0.011246245,-0.33053154,0.009859048,0.21845502,0.01364858,9.603930477903909,1.2134859706471235,4291.714,18.470758,1.847601,0.061456114,-0.25235015,0.019407254,-0.18853012,0.023057165,-0.06050788,0.026769206,-0.18121707,0.040387493,-0.358835,0.02405492,-0.185128,0.018188193,0.0019807369,-0.063820034,0.03013759,0.29832715,0.0359893,-7.068541522218162
2M19444044+4255127,17.179085,4.6187844,0.40015227,0.106689006,0.008715864,-0.55895156,0.009097803,-0.55597156,0.008064728,0.17219502,0.014524681,7.219621314231707,2.9298659283976907,4609.273,38.906918,1.8679663,0.08446019,-0.6675093,0.043270465,-0.39392954,0.033833433,-0.396678,0.032398105,-0.56750137,0.050131805,-0.59872407,0.032572817,-0.4990798,0.0067249835,0.0058936775,-0.27357978,0.05492754,0.20204607,0.045941547,-9.959463463600324
2M19215248+4303043,14.028137,2.7301779,1.8939502,0.011671998,0.0065614097,0.17437845,0.007500783,0.18603845,0.006724941,-0.015062004,0.013027969,6.196051210226679,1.2683688669329614,4697.8496,23.986683,2.4318485,0.047124524,0.17047793,0.03563945,0.281545,0.01829504,0.14655031,0.02842944,0.15511498,0.028462166,0.1369056,0.02187263,0.16776243,0.0003488809,0.00038588047,-0.11106709,0.04006094,0.009644717,0.035869833,-7.832085996804571
2M19315227+4301374,14.157938,5.2454286,3.5024405,0.030955002,0.0071482244,-0.28292155,0.0081182895,-0.26472154,0.007050874,0.07008101,0.010068973,6.004787588931071,2.203847661447177,4352.767,14.718924,1.7623066,0.04402043,-0.30761707,0.012785193,-0.045850284,0.012462354,-0.20457916,0.015846355,-0.25263867,0.033407126,-0.28278205,0.015194562,-0.2338002,0.0021392405,0.010334715,-0.2617668,0.01785417,0.07820289,0.021954082,-8.153150414608968
2M19521662+4307243,16.86553,3.2823958,0.27404281,0.194169,0.007388312,-0.33195156,0.0084063765,-0.31976154,0.0072872923,0.22567502,0.0102167195,8.456008758251809,2.265689385786721,4354.9365,24.340086,1.8579639,0.068878695,-0.19501932,0.026058998,-0.09408956,0.022622364,-0.07725982,0.02412449,-0.18280672,0.047651507,-0.32976833,0.023945332,-0.16829406,0.004020661,0.009143308,-0.10092976,0.03450859,0.25250852,0.033990733,-8.409521255786277
2M19234254+4314195,17.179085,4.8480353,0.23898487,0.0060449988,0.0076595843,-0.02156655,0.0084899,-0.01647055,0.0076675066,-0.019195301,0.016692547,4.141328547224276,0.8527531934398462,4837.882,30.58829,2.8203163,0.08060008,-0.08686432,0.021824462,0.23669247,0.039354436,-0.004241485,0.02147342,-0.023372432,0.03572072,-0.041174926,0.019950591,-0.016469326,0.0022835154,0.0006274469,-0.32355678,0.045000874,0.03693344,0.029310986,-13.037756230607755
2M18451521+4320588,14.521116,3.48033,3.05812,0.060433,0.009217348,-0.63101155,0.009403653,-0.62345153,0.008391643,0.19479501,0.016438698,6.7808350865178895,2.2822330747069226,4698.287,46.76766,1.929347,0.1082478,-0.68732244,0.05283995,-0.3943458,0.037873868,-0.45962325,0.042223096,-0.66245615,0.05019572,-0.6536294,0.04248637,-0.5880772,0.009848297,0.014398336,-0.29297665,0.065011464,0.19400617,0.059898928,-7.740281170195978
2M19045108+4321334,17.498466,6.2264924,9.665926,0.147389,0.006624811,-0.13144155,0.007340064,-0.116911545,0.0064532836,0.19342501,0.010542209,7.383041338921504,1.9489373562227112,4528.3174,21.110693,2.1337912,0.048890006,-0.0063165873,0.030724378,0.025779504,0.016422957,0.073991716,0.021920543,-0.010346061,0.031889815,-0.15010011,0.019839756,-0.007532333,0.0032613259,0.0015126853,-0.03209609,0.03483821,0.22409183,0.029565623,-10.115425152777714
2M19052316+4318320,16.710907,5.7461243,0.5077796,0.230639,0.009534789,-0.72221154,0.01000257,-0.72291154,0.008808958,0.276495,0.014714699,7.820168002820258,3.4388570896697637,4510.178,37.650562,1.6713107,0.087035306,-0.7091045,0.044582304,-0.45191365,0.038367547,-0.41776606,0.04328573,-0.6746923,0.046099465,-0.74057555,0.041158963,-0.52247065,0.011429608,0.0089867115,-0.25719082,0.058818795,0.3228095,0.05973035,-8.890738979601618
2M19131087+4320110,15.066071,3.742067,1.7994596,0.151479,0.00848057,-0.45430154,0.008724904,-0.44079155,0.007820189,0.24917498,0.016449235,6.414320149245265,1.866478870251818,4774.116,35.66892,2.2541282,0.072349876,-0.47410148,0.025572084,-0.28109464,0.026619708,-0.23389709,0.035305485,-0.40932578,0.04316737,-0.49446505,0.028942158,-0.34712058,0.003149569,0.014385462,-0.19300684,0.036912605,0.26056796,0.045652226,-8.65175040739536
2M19415193+4328175,14.588142,5.5308166,3.153752,0.050513,0.007238382,-0.27967155,0.007902541,-0.26410154,0.0069538085,0.09252001,0.011474999,5.013241443906081,1.4146319678137536,4520.202,21.375566,1.9541544,0.051064804,-0.33888417,0.01820448,-0.07113117,0.015895091,-0.19638897,0.0217959,-0.3001559,0.03920317,-0.2980076,0.019931309,-0.23338613,0.008652896,0.0029730052,-0.267753,0.024167273,0.10161863,0.029535037,-9.57490095111345
2M19502398+4332263,13.304544,5.9084916,4.5603313,-0.0009029992,0.005689466,0.08482845,0.0069304877,0.10190845,0.005942241,0.029145002,0.007373685,6.412398651812842,2.29629715466582,4264.781,23.463697,1.8927734,0.055846285,0.09492746,0.028627781,0.35688132,0.043883976,0.14895824,0.032518975,0.15177885,0.040234458,0.08417753,0.025016604,0.10241267,0.0023618937,0.0023062825,-0.26195386,0.05239612,0.064780705,0.041028213,-6.892145797039697
2M19104481+4339160,16.292961,5.0209856,1.3268001,0.209709,0.0078068767,-0.41196156,0.008720915,-0.39651155,0.0075961147,0.24650499,0.011166721,8.308971402856512,1.7973378828836821,4388.627,17.830029,1.7574352,0.049811672,-0.33771673,0.0162856,-0.24992475,0.026392544,-0.14058895,0.025740653,-0.2909247,0.03940453,-0.42825565,0.023406615,-0.23971836,0.009144977,0.0069042593,-0.08779198,0.031012693,0.28766668,0.034791533,-7.9839897177489565
2M19271022+4340286,17.179085,5.1009455,7.255222,0.24186899,0.008767422,-0.60190153,0.009528635,-0.59449154,0.008323639,0.268345,0.012711585,10.085447213193252,2.5500727862603823,4391.8154,25.347889,1.7507569,0.082129285,-0.58216757,0.03287069,-0.43578213,0.03383984,-0.32926112,0.029113188,-0.50655776,0.04649311,-0.65620667,0.03271216,-0.41574425,0.0055958927,0.016920984,-0.14638543,0.047176447,0.32694554,0.043791134,-7.0936375646387795
2M18540264+4345148,12.971793,5.6772175,4.6885853,0.212699,0.0077662906,-0.41673154,0.00854314,-0.39381155,0.0074716187,0.247965,0.011516786,5.7803270098149895,2.026393878549321,4432.777,20.626614,1.8522369,0.059867214,-0.42758712,0.029123148,-0.08189808,0.029708581,-0.1352166,0.025828686,-0.27738935,0.036330517,-0.42237484,0.022175593,-0.23247243,0.009383321,0.007927164,-0.34568906,0.041602373,0.28715825,0.034042295,-7.191466164928663
2M19374172+4343272,12.133888,2.6059268,3.141772,0.020007998,0.00586314,0.12509845,0.006514162,0.14052846,0.005775847,0.020583004,0.010615798,6.586786904839384,1.3775011440642917,4664.775,21.500443,2.4163306,0.040090796,0.16959244,0.04393599,0.13669965,0.031025918,0.12836206,0.02069061,0.10593332,0.025848925,0.0902356,0.01865127,0.105684,0.0010830238,0.017376065,0.032892793,0.05378642,0.03812646,0.02785626,-5.547101339789522
2M20004167+4346434,17.458221,5.5183406,0.4066542,0.146499,0.007235466,-0.29255155,0.008132482,-0.28208154,0.007083397,0.17685501,0.010428743,7.799201730732895,1.8556876180950688,4400.0674,16.54951,1.8314173,0.048996035,-0.2600086,0.014394243,-0.14747344,0.018792639,-0.07463491,0.020349713,-0.19453256,0.031769965,-0.32296458,0.019774277,-0.18061677,0.0065707266,0.006596163,-0.112535164,0.023671871,0.24832967,0.028374862,-9.65901970481398
2M18503970+4348411,17.660378,4.71842,6.438676,0.191029,0.0074565453,-0.34445155,0.008571507,-0.33563155,0.00740449,0.221195,0.010022713,8.313646577993685,2.0539941843706577,4303.6553,18.775469,1.6799791,0.05021206,-0.24100025,0.019143851,-0.16490342,0.017071832,-0.1000076,0.02222504,-0.19969489,0.03432687,-0.36350685,0.01953845,-0.1818072,0.007607937,0.012886375,-0.07609683,0.025650233,0.26349926,0.029592285,-9.346730924447721
2M18592881+4358123,17.538805,5.4328237,7.870922,0.048373,0.0065572155,-0.13262154,0.0075108293,-0.12241155,0.0065286555,0.07256399,0.009379882,7.943258331543644,1.5278768254992636,4363.929,14.405273,1.8631253,0.039110817,-0.13650216,0.0146005,-0.10106449,0.024326826,-0.052884094,0.020659082,-0.11050996,0.029797835,-0.14445718,0.014825144,-0.099573046,0.010650985,0.0071804747,-0.035437673,0.028371977,0.09157308,0.025427988,-9.595546676390926
2M19015464+4357368,15.667511,7.7607245,1.9522498,0.179859,0.0087527605,-0.5714716,0.009157278,-0.56707156,0.008107829,0.25069502,0.014393264,8.448723158036286,2.627368893185729,4583.109,35.63842,1.8317837,0.079224996,-0.6182514,0.031431783,-0.42255375,0.029855208,-0.34840807,0.03901229,-0.53948236,0.043236583,-0.64151573,0.029956793,-0.45145506,0.002738297,0.0061757565,-0.19569764,0.043350782,0.29310766,0.049187075,-7.218787828291839
2M19070363+4355076,16.032454,6.2149744,1.709441,0.234769,0.0077131246,-0.37619156,0.010025284,-0.35364154,0.008361075,0.26235503,0.008173843,9.918244281837534,2.203264613341184,3977.4531,28.28939,1.2680097,0.071985,-0.23713164,0.029807989,-0.22878316,0.03307128,-0.09065477,0.03276042,-0.113303564,0.06033934,-0.38135892,0.030904945,-0.15457122,0.007797286,0.022018015,-0.00834848,0.044522192,0.29070416,0.045037325,-6.11420925514977
2M19125679+4358358,17.100153,6.285814,0.64174163,0.243879,0.011905927,-0.69563156,0.013205263,-0.68768156,0.011833097,0.284325,0.02049702,9.625136850648476,3.1047682832503534,4519.2925,33.909683,1.7369905,0.08809333,-0.719617,0.05168342,-0.586829,0.046119638,-0.41066745,0.039900947,-0.6153179,0.08207251,-0.7342199,0.039973386,-0.49510184,0.013686329,0.014212638,-0.132788,0.06926902,0.32355246,0.056479707,-7.475016118711876
2M19170163+4356426,17.498466,4.1325116,0.080769256,0.035676003,0.0064170724,-0.090171546,0.008441118,-0.067616545,0.0070555424,0.06946,0.0069412095,7.964590719375586,2.982828249765664,3988.2637,23.673117,1.3248549,0.05934701,-0.08114013,0.029096372,0.13584381,0.030587012,0.01218306,0.031636063,0.026286881,0.055232037,-0.07329457,0.030234586,-0.05027436,0.013428066,0.0048569627,-0.21698394,0.042215686,0.085477635,0.043760378,-9.533875772323633
2M19415838+4402412,15.381546,5.5414352,2.1976898,0.188579,0.007106165,-0.26138154,0.008606446,-0.25315154,0.007334718,0.208485,0.008681337,8.292504320278034,2.2912017428734166,4168.7485,17.859495,1.6549479,0.05772264,-0.15424606,0.026414081,-0.09499598,0.021747896,-0.03541047,0.023575947,-0.04949034,0.054827053,-0.2898008,0.023425706,-0.13646272,0.0041526556,0.021683864,-0.05925008,0.034215122,0.25439033,0.033235356,-7.089041700229778
2M19083530+4412098,17.458221,5.897099,0.20215668,0.085319,0.0070985616,-0.26139155,0.00857922,-0.25192153,0.0073161176,0.10392502,0.008710538,7.541773738026567,2.2124988954595843,4161.7515,15.9635,1.4788917,0.04712437,-0.25457147,0.018162217,-0.113093786,0.023584358,-0.16863334,0.024482373,-0.18694979,0.045801975,-0.2685795,0.022142472,-0.20306063,0.010065839,0.01597245,-0.14147767,0.029767232,0.09994617,0.033010233,-9.916447697520308
2M19193032+4413045,13.995873,3.6444516,3.4221954,0.050697997,0.006404991,-0.090438545,0.007401327,-0.08573355,0.006421342,0.074527994,0.009036228,7.186203514575919,2.3604885843678294,4358.117,16.117292,1.8771095,0.046028163,-0.099551514,0.017969748,0.05738179,0.017310668,-0.012810748,0.019348664,-0.069691375,0.03373648,-0.10696109,0.019272523,-0.051339373,0.017803453,0.0029166788,-0.15693331,0.024951374,0.094150335,0.027309356,-6.8096699366569915
2M19224487+4417250,17.579237,4.6967406,0.040524326,0.028384,0.0071120905,-0.24771155,0.007837084,-0.24108155,0.00687843,0.067599,0.011014134,5.102929907874053,1.724181824231494,4500.9116,22.843388,1.9547902,0.059600573,-0.2913142,0.018331155,-0.052344292,0.016816713,-0.15225813,0.024855556,-0.24698597,0.03598076,-0.27304122,0.021676846,-0.21745723,0.016181454,0.0053462684,-0.23896992,0.024876356,0.12078309,0.03298006,-12.476307076378877
2M19190958+4422091,14.996848,5.019848,2.6635299,0.053383,0.006663507,0.084459454,0.008087692,0.11017845,0.0070982366,0.083033994,0.010224088,7.802086437552671,1.6475611938075827,4391.48,23.495136,2.329742,0.074628346,0.18175694,0.041256923,0.3282123,0.036508895,0.20705362,0.033105217,0.1963925,0.046213996,0.0813138,0.026304103,0.117822826,0.0008087382,0.013911426,-0.14645535,0.055091135,0.12573981,0.042283107,-7.194761668831607
2M19290586+4423463,12.912192,1.7948755,1.8788911,0.0073679984,0.0056666117,0.18249846,0.0063487925,0.18633845,0.005617875,0.0026710033,0.010042829,6.312291872571814,1.8729668011120135,4628.4995,24.973871,2.3617806,0.05178547,0.19615215,0.041504048,0.20666082,0.031201273,0.14167665,0.02818439,0.11707577,0.036829945,0.121219374,0.022720827,0.16735981,0.022645906,0.0007801503,-0.010508671,0.051924035,0.020457275,0.03620215,-6.599900472093713
2M19304405+4420384,15.205475,1.6535811,0.790105,-0.012467001,0.005545191,0.22792844,0.0062276465,0.23628846,0.00551771,-0.03737399,0.010077542,6.735594103372701,2.0265948265009652,4656.0137,28.339375,2.4015436,0.053244874,0.2303192,0.044833697,0.28035358,0.031182503,0.15218368,0.026615255,0.16149503,0.030695874,0.15090857,0.024607925,0.18874994,0.00054235756,0.001211971,-0.050034374,0.054611437,0.0012751073,0.036248058,-8.469880750142924
2M19433436+4425435,15.81248,5.7663226,1.6859865,0.117249,0.006290381,-0.05794555,0.008301062,-0.03572255,0.00693666,0.14684801,0.0067987186,8.1767222565008,2.8926608290797327,3974.888,27.510664,1.3185011,0.06643371,-0.010815769,0.035459395,0.1521912,0.03251195,0.069773346,0.038318925,0.08626042,0.07229838,-0.052372955,0.03399095,0.021537745,0.01699016,0.0043269377,-0.16300698,0.048108168,0.1221463,0.051222306,-7.635757716338555
2M19532974+4439555,13.4276495,4.0951066,4.192111,0.085609,0.007203681,-0.27748156,0.008869451,-0.27017155,0.007520857,0.11155501,0.008498078,7.094257730055698,2.6758936540398612,4109.8506,18.625187,1.3866099,0.051464017,-0.2573927,0.017145962,-0.043892834,0.020218978,-0.13055936,0.024124699,-0.2014132,0.037942305,-0.26250476,0.020885177,-0.22279899,0.0027535558,0.003230244,-0.21349987,0.026510207,0.1319454,0.031909116,-6.3333917679301415
2M20001401+4436356,9.099133,3.54009,6.933321,0.016183998,0.006671694,-0.16277155,0.0075921677,-0.14926155,0.006608736,0.036551,0.009645199,4.060452771181957,1.7536850203685237,4388.309,17.625076,1.8626252,0.043666027,-0.2715129,0.01987418,0.055173278,0.014504105,-0.11190653,0.018383661,-0.17034946,0.035997424,-0.18028522,0.01539809,-0.15449809,0.0005579293,0.008165017,-0.32668617,0.024603905,0.06837869,0.02398041,-5.03867976665984
2M20023180+4436091,14.387986,7.97589,3.2723925,0.012033999,0.006739242,-0.17520155,0.0076140943,-0.16323155,0.006640935,0.040430993,0.009904708,4.697680008495688,1.4128385066254665,4413.8696,24.922709,1.865116,0.055881232,-0.2918131,0.022952517,0.059926618,0.021248883,-0.14428957,0.024401262,-0.18665603,0.042698037,-0.19661981,0.020232795,-0.17337257,0.0036692321,0.012851104,-0.35173973,0.031278316,0.05233024,0.031698383,-9.690306174670816
2M19453944+4453597,12.823306,5.4102035,4.675161,0.024241,0.005447111,0.17908846,0.0074828495,0.20179845,0.006213003,0.050851002,0.00569266,6.659900119641586,3.5251886141116056,3923.6218,36.081516,1.4231081,0.07162991,0.2125692,0.044649985,0.39622748,0.044883598,0.20709051,0.04193512,0.39321512,0.10040433,0.16322635,0.041725066,0.21056537,0.0016030371,0.001330182,-0.18365827,0.06331002,0.04386416,0.059156872,-6.163405964037613
2M18540924+4456536,16.634127,5.7698703,1.0262517,0.079238996,0.007935567,-0.17782155,0.00950013,-0.17233154,0.008320318,0.10622501,0.011755812,7.50811924261082,2.0635055913910563,4326.9937,14.6168165,1.8072221,0.041116904,-0.17665648,0.013108105,0.0036398307,0.015845006,-0.0640939,0.023005731,-0.12715608,0.03633725,-0.16823696,0.016775742,-0.12999384,0.003694132,0.012990549,-0.18029632,0.020564208,0.10414305,0.028472604,-9.126007420597187
2M18574923+4504214,17.579237,0.51841223,0.20355797,0.18835899,0.011489743,-0.63976157,0.012627514,-0.61248153,0.011378519,0.27334502,0.020967586,9.063200381259874,3.5029906100111208,4568.936,32.59831,1.8302456,0.07720089,-0.64188486,0.042115048,-0.415025,0.037867293,-0.33796945,0.02986386,-0.5283104,0.048181575,-0.6364926,0.031940453,-0.46781117,0.014487237,0.0119663775,-0.22685987,0.056635756,0.29852316,0.04372691,-8.516036602993056
2M18575884+4509290,15.417005,4.1709547,2.0814624,0.150929,0.0077222437,-0.18051155,0.008516244,-0.15825155,0.007615369,0.221085,0.014242628,7.2482169740420215,1.3975697209760085,4671.8306,22.918598,2.4021282,0.05680725,-0.053629667,0.029211024,-0.017879933,0.016478926,0.053644482,0.021861339,-0.04630952,0.034048785,-0.1992443,0.019147905,-0.025171652,0.009594396,0.0056680683,-0.035749733,0.033538617,0.2528888,0.029061321,-8.168787611224092
2M18575942+4517479,12.618276,1.703872,2.037203,0.040931,0.0072707776,-0.30530155,0.0083626425,-0.29459155,0.0072296616,0.064610004,0.009852215,6.8518131475790325,1.9593594730610617,4311.4644,14.987924,1.7654488,0.047351953,-0.31509787,0.014949922,-0.17544991,0.017700696,-0.21223696,0.022474451,-0.28087285,0.038476903,-0.32650602,0.018242093,-0.26583043,0.0030764043,0.00083237886,-0.13964796,0.023169264,0.11426906,0.028946068,-5.766462494815987
2M18534520+4529296,13.396767,2.9254813,2.3430617,0.038958997,0.007658343,0.033322453,0.008643596,0.03961445,0.007814955,-0.0077182036,0.016487377,6.888344030314649,1.2852776281381202,4770.9717,25.579063,2.4654422,0.043332618,0.013465375,0.023058135,0.04595465,0.018719312,0.040108006,0.019831896,-0.0018930789,0.024058886,-0.007466933,0.017851537,0.044352144,0.00050389767,0.0005026981,-0.032489274,0.029700004,0.04757494,0.02668298,-6.508422632283008
2M19523152+4527333,10.939564,3.0691059,4.836549,-0.014412001,0.005217386,0.27619845,0.0059795836,0.29730844,0.0052615996,-0.015605003,0.008731763,4.230471626019915,1.356037382945172,4590.344,28.441696,2.422941,0.06262526,0.25458333,0.043082654,0.5472852,0.058083933,0.24186598,0.03000515,0.28144768,0.0460555,0.22103067,0.028808773,0.25072813,0.0013581514,0.0004903972,-0.29270187,0.07231776,0.02083531,0.041596327,-6.7090921252007885
2M19070280+4530112,17.538805,7.0191865,11.702719,0.031570002,0.006552202,-0.12787154,0.007394198,-0.11372155,0.0064601186,0.06392399,0.009812719,5.73762249381201,1.532810676662132,4433.478,19.158722,1.953181,0.04605346,-0.1532335,0.014714033,0.06997759,0.013164076,-0.05527263,0.018033544,-0.12764984,0.03480784,-0.13861835,0.014820745,-0.1006349,0.0026511103,0.008436017,-0.22321108,0.019743245,0.08334572,0.023342304,-11.80118251412256
2M20031387+4541150,16.74943,5.55505,1.1566298,0.0059859976,0.0055508814,0.13537845,0.007324827,0.15669845,0.00614421,0.02945,0.006179716,7.171943392458331,3.1368317397707544,4035.6106,26.349625,1.5955453,0.06299977,0.15273783,0.038686175,0.31608576,0.035898235,0.1862797,0.03540893,0.28814992,0.08036448,0.10999862,0.03213641,0.15828376,0.0,0.0,-0.16334793,0.052775975,0.07628108,0.04781779,-9.577486310300458
2M18592279+4544287,14.454398,4.904472,2.8039813,0.063331,0.008373671,-0.51015157,0.009378143,-0.50447154,0.00814659,0.09306502,0.011642034,6.557981968704364,2.3811823633715807,4344.295,20.001244,1.6863347,0.0519775,-0.4829015,0.019912336,-0.29586667,0.018152528,-0.35959953,0.024402741,-0.51216245,0.04568187,-0.52000153,0.022228554,-0.4538822,0.0037026107,0.02635318,-0.18703485,0.026944673,0.160402,0.033009127,-7.896416186508039
2M19231293+4545503,13.551894,3.1287198,3.5089297,0.048782,0.0057765027,0.14551845,0.0069653834,0.16421846,0.0060423687,0.079779,0.008195386,8.114603320458862,1.9863275422009266,4343.425,22.097065,2.2432826,0.07601673,0.21507528,0.044692576,0.3522735,0.036921747,0.22222511,0.035644047,0.25150228,0.049010452,0.115651436,0.026795426,0.16001257,5.157292e-05,0.00036726892,-0.13719821,0.05797104,0.10657368,0.044592522,-5.437290867468384
2M20003808+4545586,14.521116,4.4749584,2.7770474,0.039971,0.005876981,0.034078453,0.0074686226,0.05635045,0.0063187266,0.064183995,0.00690413,5.072120072291835,2.6621464924413725,4094.9001,22.369562,1.6146257,0.050138447,0.0059887767,0.024321303,0.23894686,0.030982614,0.06350481,0.02720413,0.14020506,0.06389813,0.01667344,0.022679016,0.058420297,0.0023290105,0.0015534721,-0.23295808,0.039388426,0.04683137,0.035417546,-9.448996184422032
2M19384127+4549272,14.927944,5.3560033,2.85485,0.012862999,0.0057728263,0.07100045,0.0072803632,0.08260045,0.006176328,0.035763003,0.0069176177,6.715362899609727,2.667377314223539,4130.436,24.468245,1.6921086,0.05376947,0.06894815,0.029529639,0.24060883,0.02787206,0.121212564,0.032972023,0.17296815,0.06084018,0.05330158,0.02527166,0.101884365,0.0006070584,0.003497325,-0.17166068,0.040606048,0.067910984,0.04154288,-8.212581283739883
2M18482877+4606500,17.179085,3.470266,0.19892442,0.22430901,0.01282813,-0.78625154,0.013252989,-0.7768415,0.012112578,0.46923503,0.027595688,9.346876155554849,3.385350746461213,4750.3813,62.36502,1.9506124,0.122817606,-0.8308183,0.07059233,-0.6353016,0.061453562,-0.48252267,0.065688655,-0.7583607,0.07144922,-0.8258868,0.055591673,-0.6075957,0.01568979,0.018954873,-0.1955167,0.093593895,0.34336412,0.08605483,-7.832208622277182
2M19392900+4613349,11.994993,3.522719,3.6725178,-0.015395001,0.00688829,0.033984452,0.007579038,0.03970145,0.006802934,-0.046015,0.0144071765,4.824794743300968,0.9615982686544754,4830.2183,27.32008,2.4986165,0.04966006,-0.04799354,0.017677559,0.042921327,0.024476742,0.017725032,0.0203891,-0.033267476,0.027749429,-0.013428947,0.018966975,0.004516407,0.00040890044,0.00047554402,-0.09091487,0.03019283,0.031153979,0.02784711,-7.170198466537899
2M19181886+4619089,13.995873,4.770159,3.5833628,0.138009,0.007595354,-0.091104545,0.008705463,-0.080692545,0.0077480073,0.178267,0.013132347,8.651543573446963,1.6619001256664803,4563.185,27.067354,2.1825364,0.05468237,0.040581226,0.038513858,-0.07494946,0.030595569,0.050145138,0.028186914,-0.0018635481,0.034366187,-0.1337753,0.02295403,-0.016278205,0.00097102486,0.021163404,0.115530685,0.04918746,0.18392043,0.03635092,-5.344329877785947
2M19194578+4619275,11.721953,3.0323493,3.8377028,0.191259,0.009311203,-0.41194156,0.009686307,-0.39441153,0.0087616425,,,4.246435129688197,2.0695723252981324,5008.7417,46.154106,2.471154,0.085506946,-0.35408047,0.027960181,-0.15558498,0.053003132,-0.14402266,0.056676,-0.40253937,0.043343917,-0.48314288,0.036040287,-0.31477705,0.0009344816,0.021558672,-0.19849549,0.059925817,0.3391202,0.06716451,-7.475518262340612
2M19000838+4626085,17.498466,4.821948,0.080769256,0.179789,0.006459355,-0.09978155,0.008199365,-0.09116155,0.0069183037,0.192615,0.007416133,7.918796695440328,2.6870854453046005,4059.8992,24.830976,1.400361,0.062244996,-0.02016902,0.036576506,0.13512385,0.031482514,0.057589445,0.037090227,0.044281002,0.061748903,-0.10698003,0.030254181,0.006970862,0.0117177125,0.008965716,-0.15529287,0.048259605,0.16456948,0.047864396,-9.57966979625889
2M19012595+4628468,14.927944,4.163292,2.6918163,0.225509,0.00728871,-0.27707154,0.009710383,-0.25562155,0.008059546,0.254145,0.007521843,9.088978701181505,2.805663075800487,3943.116,26.959593,1.2444395,0.06627344,-0.12760714,0.039734323,-0.08204238,0.0289653,0.019353632,0.03733691,0.013165915,0.076919034,-0.28303704,0.031642854,-0.062332522,0.00032160804,0.00032151118,-0.045564756,0.049171183,0.30239066,0.048941955,-5.8389654821681045
2M19502672+4625332,11.376273,5.4878364,6.243488,0.045524,0.0069063883,-0.22120155,0.008349274,-0.20858155,0.0071259947,0.071364,0.008538913,6.005259782619169,2.511769725465187,4163.182,16.6835,1.4983131,0.04970095,-0.26014018,0.017897757,-0.008233634,0.017211678,-0.15554123,0.018931653,-0.20928872,0.03696966,-0.23965994,0.020256368,-0.19477582,0.0030649453,0.0005322993,-0.25190654,0.024830857,0.08411871,0.027725944,-5.371013372593233
2M19083670+4630083,17.579237,5.5010977,0.0,0.250789,0.01025082,-0.39484155,0.0115004815,-0.38117155,0.01038976,0.30059502,0.01951681,8.80343810420573,1.5581384740992392,4651.3794,33.521904,2.2062924,0.066908546,-0.39535642,0.032364935,-0.2181244,0.030763358,-0.03157837,0.03774559,-0.20429944,0.069086224,-0.37233907,0.027254447,-0.21514,0.019540131,0.013471767,-0.17723201,0.04465281,0.3407607,0.04655679,-8.7757988800472
2M19091508+4636340,15.703628,5.65747,2.1201596,0.208079,0.0075193434,-0.33400154,0.009456642,-0.32916155,0.007961977,0.224925,0.008453915,9.738353563232257,2.6186634972944685,4043.1226,22.364328,1.280826,0.060050093,-0.22921179,0.024790853,-0.12636353,0.023090826,-0.086576074,0.025703726,-0.13205679,0.046929188,-0.33083653,0.027418336,-0.16457897,0.0040596575,0.010625824,-0.10284826,0.033878792,0.24426046,0.03758253,-5.965274023132489
2M19370831+4643235,12.16186,6.0524397,5.417376,0.017908,0.0063675833,-0.08696055,0.0072565805,-0.06987955,0.006326677,0.035957,0.0093853725,5.6081850942574,1.5530400898789352,4410.0825,17.63589,1.9460231,0.044429082,-0.11055944,0.016562566,0.10860967,0.01811763,-0.038900685,0.021111334,-0.079301,0.034922805,-0.09837523,0.016208105,-0.06812542,0.003570497,0.0025970116,-0.21916911,0.024547242,0.059474546,0.026615618,-6.553675371746018
2M19485856+4646322,13.152248,2.3379087,2.5513797,0.001800999,0.007838576,0.071438454,0.009049669,0.07105045,0.008188237,0.020396993,0.016331129,7.5116607602766745,1.6166366690865581,4729.405,31.50939,2.4171596,0.061711617,0.013950974,0.028617306,0.014189395,0.034384258,0.018807512,0.026199708,-0.030747315,0.0347524,-0.013339302,0.027184425,0.02135155,0.005244918,0.015724782,-0.00023842137,0.044735078,0.03214681,0.037754703,-5.640587622291685
2M19573725+4643516,10.715193,5.117617,7.067601,-0.013285,0.005117773,0.29179844,0.0059208637,0.31554845,0.005193495,-0.0013989806,0.008274023,5.160514810556979,1.6656069711044206,4552.9775,30.532341,2.4013705,0.06919936,0.28396073,0.04313401,0.57541883,0.06143376,0.2795845,0.035030358,0.2990357,0.036314424,0.23819469,0.031909514,0.28747702,0.03440702,0.016714454,-0.2914581,0.0750643,0.041389808,0.04738505,-5.554677984242826
